motif,occurrence,start_n,end_n,mismatch,hr12,ref,npb,X93_11,tetep,tadukan,category
AAG,15,2.175,2.175,1,59,101,0,0,1,1,1
TGG,9,2.339,2.339,1,138,141,0,0,1,1,1
TAA,8,3.162,3.162,1,166,157,0,0,1,1,1
GT,31,2.411,2.411,1,320,291,0,0,0,0,3
AT,30,2.411,2.411,1,320,291,0,0,0,0,3
ATAG,8,2.541,2.541,1,153,157,0,0,1,1,1
GA,21,3.697,3.697,1,157,147,0,0,1,1,1
CT,12,3.172,3.172,1,200,198,0,0,1,1,1
GCC,8,-0.009,-0.009,1,188,193,0,0,1,1,1
AG,17,-0.071,-0.071,1,341,342,0,0,1,1,3
GA,11,-0.02,-0.02,1,295,294,0,0,1,1,3
TTCT,6,0.112,0.112,1,260,258,0,0,0,0,3
TCC,8,0.116,0.116,1,222,221,0,0,1,0,3
AG,10,0.361,0.361,1,272,267,0,0,1,1,3
AATA,5,0.516,0.516,1,193,193,0,0,1,1,1
CTC,7,0.519,0.519,1,259,258,0,0,1,1,3
GGA,7,0.597,0.597,1,281,280,0,0,1,1,3
CT,10,0.792,0.792,1,94,93,0,0,1,1,1
GA,10,1.256,1.255,1,148,147,0,0,1,0,1
TA,10,1.689,1.689,1,481,462,0,0,0,0,2
TATC,5,1.7,1.7,1,285,264,0,0,1,1,3
TATC,7,2.156,2.156,1,396,405,0,0,1,1,2
CT,15,2.4,2.4,1,241,250,0,0,1,1,3
CGC,7,2.547,2.547,1,210,185,0,0,1,1,1
TTCT,5,3.292,3.292,1,86,85,0,0,1,1,1
TA,27,3.595,3.595,1,401,366,0,0,0,0,2
AT,14,3.663,3.664,1,496,459,0,0,0,0,2
CT,10,3.702,3.702,1,184,191,0,0,1,1,1
CCT,8,3.933,3.933,1,401,382,0,0,1,0,2
AT,16,4.307,4.307,1,335,295,0,0,0,0,3
TGC,7,4.38,4.38,1,92,98,0,0,1,0,1
TGA,7,4.406,4.406,1,157,156,0,0,0,1,1
CT,37,0.417,0.417,1,143,172,0,0,1,1,1
GCC,8,-0.009,-0.009,1,215,219,0,0,1,1,3
TA,16,0.78,0.78,1,467,459,0,0,0,0,2
TA,31,2.201,2.201,1,295,264,0,0,0,0,3
CCT,8,0.081,0.081,1,258,260,0,0,1,0,3
TCT,12,1.193,1.193,1,363,364,0,0,0,1,2
TC,20,1.182,1.182,1,375,378,0,0,1,1,2
CATTTC,7,1.31,1.31,1,192,226,0,0,1,1,1
TC,15,2.319,2.319,1,316,316,0,0,1,1,3
TTCT,5,0.777,0.777,1,193,193,0,0,1,1,1
AGA,15,2.175,2.175,1,319,355,0,0,1,1,3
CTC,7,-0.352,-0.352,1,177,177,0,0,1,1,1
TC,12,1.31,1.31,1,192,226,0,0,1,1,1
TG,11,1.192,1.192,1,141,135,0,0,1,0,1
TA,11,1.193,1.193,1,363,364,0,0,0,1,2
GT,11,1.193,1.193,1,392,349,0,0,0,0,2
AAAG,5,3.01,3.01,1,361,349,0,0,0,0,2
AT,12,1.182,1.182,1,375,378,0,0,1,1,2
GA,10,1.31,1.31,1,192,226,0,0,1,1,1
AG,10,1.182,1.182,1,375,378,0,0,1,1,2
CT,16,0.419,0.419,1,334,329,0,0,1,1,3
GAC,8,0.936,0.936,2,111,118,0,0,1,1,1
CTC,7,0.971,0.971,2,127,143,0,0,1,1,1
CT,12,0.971,0.971,2,126,142,0,0,1,1,1
GATT,5,2.097,2.097,2,263,266,0,0,0,0,3
TA,15,2.581,2.581,2,564,537,0,0,0,0,2
GGC,9,1.925,1.925,2,194,205,0,0,1,1,1
GAA,7,1.883,1.883,2,165,170,0,0,1,1,1
AGA,9,3.045,3.045,2,89,94,0,0,1,1,1
CGC,7,0.746,0.746,2,356,338,0,0,1,1,2
CATC,6,0.929,0.929,2,323,311,0,0,0,0,3
TCTT,5,1.086,1.086,2,108,108,0,0,0,0,1
GAG,7,0.129,0.129,2,349,397,0,0,0,0,2
TC,16,4.358,4.358,2,387,388,0,0,1,1,2
TA,30,0.151,0.151,0,110,149,0,0,1,1,1
TAGA,13,1.291,1.291,1,148,188,0,0,1,1,1
CT,10,0.683,0.683,1,356,365,0,0,0,0,2
AT,41,0.021,0.021,1,636,653,0,0,0,0,2
TG,10,0.021,0.021,1,596,613,0,0,0,0,2
CCT,8,1.261,1.261,1,400,400,0,0,0,0,2
ATA,14,0.201,0.201,1,381,382,0,0,1,1,2
AT,17,0.572,0.572,2,88,104,0,0,1,1,1
TC,17,0.107,0.107,2,147,172,0,0,1,1,1
GT,11,1.894,1.894,0,91,92,0,0,1,1,1
CCT,8,1.884,1.884,0,208,194,0,0,1,1,1
GCG,7,1.881,1.881,0,146,145,0,0,1,1,1
AG,31,1.472,1.472,0,282,289,0,0,1,1,3
TA,14,1.559,1.559,0,414,392,0,0,1,1,2
TA,43,1.473,1.473,0,155,158,0,0,1,1,1
CGG,7,-0.221,-0.221,1,354,348,0,0,0,0,2
GT,13,0.512,0.513,2,624,662,0,0,1,1,2
CT,24,-0.141,-0.141,0,156,179,0,0,1,1,1
ATAG,10,0.061,0.061,0,102,110,0,0,1,1,1
TC,13,0.574,0.574,0,146,152,0,0,1,1,1
GGC,9,1.64,1.64,0,135,144,0,0,1,1,1
AG,15,0.811,0.811,0,139,141,0,0,1,1,1
CTC,8,0.206,0.206,0,103,103,0,0,1,1,1
CGC,9,3.613,3.613,0,156,168,0,0,1,1,1
GA,26,1.811,1.811,0,110,132,0,0,1,0,1
ATT,15,0.297,0.297,0,147,141,0,0,1,1,1
GA,21,0.389,0.389,0,192,180,0,0,1,1,1
CGT,8,0.12,0.12,0,156,158,0,0,1,1,1
AG,23,0.139,0.139,0,103,119,0,0,1,1,1
AGA,8,-0.295,-0.295,0,114,114,0,0,1,0,1
CT,25,0.673,0.673,0,194,218,0,0,1,1,1
GAA,14,-0.343,-0.343,0,202,202,0,0,1,1,1
TCCA,7,-0.257,-0.257,0,167,155,0,0,1,1,1
TAAT,8,-0.402,-0.402,0,150,154,0,0,1,1,1
TG,13,-0.209,-0.209,0,157,167,0,0,1,1,1
CTT,5,0.122,0.122,0,114,114,0,0,1,1,1
AGA,4,0.122,0.122,0,114,114,0,0,1,1,1
AAAT,10,-0.285,-0.285,0,142,142,0,0,1,1,1
TTA,22,2.906,2.906,0,188,215,0,0,1,1,1
CCG,8,2.016,2.016,0,205,214,0,0,1,0,1
AG,22,2.763,2.763,0,123,145,0,0,1,0,1
TTA,44,1.598,1.598,0,271,271,0,0,0,0,3
TCT,9,2.923,2.923,0,136,129,0,0,1,1,1
CGC,9,-0.247,-0.247,0,169,169,0,0,1,1,1
CT,15,-0.438,-0.438,0,117,117,0,0,1,1,1
TGTT,6,-0.45,-0.45,0,152,152,0,0,1,1,1
CT,16,0.392,0.392,0,106,106,0,0,1,0,1
TC,12,0.371,0.371,0,171,157,0,0,1,1,1
CT,14,0.12,0.12,0,208,212,0,0,1,0,1
ATAC,7,0.515,0.515,0,118,118,0,0,1,1,1
TA,35,1.667,1.667,0,115,161,0,0,0,0,1
GCG,8,1.831,1.831,0,149,149,0,0,1,1,1
TCT,8,-0.441,-0.441,0,158,158,0,0,1,1,1
AAT,9,0.15,0.15,0,76,82,0,0,1,1,1
AGC,8,0.741,0.741,0,97,103,0,0,1,1,1
GA,18,2.185,2.185,0,90,102,0,0,1,1,1
TC,16,-0.242,-0.242,0,185,173,0,0,1,1,1
AT,49,-0.146,-0.146,0,165,199,0,0,0,0,1
CTC,7,3.549,3.549,0,89,88,0,0,1,1,1
GA,10,0.594,0.594,0,582,584,0,0,1,1,2
TC,16,-0.242,-0.242,0,353,340,0,0,1,1,2
TATT,5,-0.229,-0.229,0,235,235,0,0,1,1,3
TC,16,-0.242,-0.242,0,328,311,0,0,1,1,3
AT,43,3.549,3.549,0,343,343,0,0,1,1,3
AT,44,3.55,3.55,0,189,189,0,0,1,1,1
TGG,8,0.11,0.11,0,376,364,0,0,0,0,2
AGA,14,2.616,2.616,1,158,145,0,0,1,0,1
CT,25,0.379,0.379,1,163,160,0,0,1,1,1
TAT,18,-0.02,-0.02,1,127,161,0,0,1,1,1
TA,30,0.067,0.067,1,144,189,0,0,1,1,1
AG,12,0.242,0.242,1,202,194,0,0,0,0,1
GA,18,2.731,2.731,1,160,154,0,0,1,1,1
TCT,30,1.668,1.668,1,170,209,0,0,1,1,1
ATCT,6,-0.468,-0.468,1,165,165,0,0,1,1,1
CCA,7,-0.241,-0.241,1,399,386,0,0,1,1,2
GCG,7,1.66,1.66,1,171,170,0,0,1,1,1
GA,15,-0.411,-0.411,1,240,239,0,0,1,1,3
TTTC,5,-0.106,-0.106,1,200,199,0,0,1,1,1
TA,40,0.104,0.104,1,496,472,0,0,0,0,2
AGC,8,0.324,0.324,1,432,431,0,0,1,0,2
AT,12,0.495,0.495,1,276,285,0,0,1,1,3
ATA,34,1.31,1.31,1,428,466,0,0,0,0,2
CTC,7,1.45,1.45,1,606,558,0,0,0,0,2
CAG,7,1.497,1.497,1,288,287,0,0,1,1,3
TA,31,1.494,1.494,1,251,284,0,0,1,1,3
AAT,22,1.538,1.538,1,417,428,0,0,1,1,2
GGA,8,1.754,1.754,1,218,218,0,0,1,0,3
GA,11,2.312,2.312,1,193,170,0,0,1,1,1
TC,11,2.366,2.366,1,340,350,0,0,0,0,2
TTA,22,2.421,2.421,1,462,452,0,0,1,1,2
AT,24,2.428,2.428,1,410,389,0,0,0,0,2
AC,10,2.76,2.76,1,439,416,0,0,1,0,2
AG,11,3.091,3.091,1,148,145,0,0,1,1,1
AT,17,3.188,3.188,1,350,332,0,0,1,0,3
GA,13,3.291,3.291,1,363,367,0,0,1,1,2
TC,12,3.393,3.393,1,331,362,0,0,0,0,2
CTG,7,3.404,3.404,1,167,163,0,0,1,1,1
ATA,49,1.598,1.598,1,375,389,0,0,0,0,2
GA,18,2.731,2.731,1,200,193,0,0,1,1,1
CT,24,-0.141,-0.141,1,127,151,0,0,0,0,1
TG,21,1.729,1.729,1,155,193,0,0,1,1,1
GAA,22,2.293,2.293,1,182,230,0,0,0,0,1
ATCT,6,-0.468,-0.468,1,144,143,0,0,1,1,1
AT,35,0.372,0.372,1,368,349,0,0,0,0,2
TA,10,0.372,0.372,1,368,349,0,0,0,0,2
GAA,18,0.591,0.591,1,177,159,0,0,1,1,1
CA,34,2.564,2.564,1,539,556,0,0,0,0,2
AT,21,2.564,2.564,1,539,556,0,0,0,0,2
AATT,5,2.576,2.576,1,382,361,0,0,1,1,2
GCC,8,2.786,2.786,1,146,145,0,0,1,1,1
AGAT,7,0.606,0.606,1,315,344,0,0,0,0,3
CGG,7,3.393,3.393,1,349,375,0,0,1,1,2
TTC,8,-0.397,-0.397,1,344,335,0,0,0,0,3
CGG,8,2.292,2.293,1,392,382,0,0,1,1,2
AGAT,6,-0.404,-0.404,1,367,365,0,0,1,1,2
GGC,9,-0.141,-0.141,2,71,95,0,0,1,1,1
AT,11,0.358,0.358,2,204,213,0,0,0,1,1
AGA,7,1.993,1.993,2,269,265,0,0,1,0,3
TA,10,3.09,3.09,2,349,360,0,0,0,0,2
GCT,7,3.375,3.375,2,522,513,0,0,1,0,2
CGG,8,0.688,0.688,0,119,122,0,0,1,1,1
TA,17,0.67,0.67,0,120,119,0,0,1,1,1
GTG,8,0.721,0.721,0,102,102,0,0,1,1,1
AGAC,7,0.687,0.687,0,136,140,0,0,1,1,1
AG,25,0.683,0.683,0,126,154,0,0,1,1,1
GCAG,5,0.121,0.121,0,195,198,0,0,1,1,1
AG,16,0.12,0.12,0,223,220,0,0,1,1,3
AACC,5,0.683,0.683,0,100,99,0,0,1,1,1
GCC,7,0.683,0.683,0,184,183,0,0,1,1,1
CGG,8,0.662,0.662,0,256,273,0,0,1,1,3
AT,22,1.371,1.371,0,218,197,0,0,0,0,1
CCT,7,3.74,3.74,0,308,299,0,0,1,1,3
GCC,7,3.139,3.139,0,117,116,0,0,1,1,1
GGA,7,-0.016,-0.016,0,132,129,0,0,1,1,1
AT,12,2.512,2.512,0,162,137,0,0,0,0,1
GCC,8,0.688,0.688,0,182,184,0,0,1,1,1
TC,26,0.683,0.683,0,264,293,0,0,1,1,3
GA,12,0.925,0.925,0,177,176,0,0,1,1,1
TC,11,0.237,0.237,0,277,274,0,0,1,1,3
GTG,8,0.721,0.721,0,94,93,0,0,1,1,1
TTCA,5,0.683,0.683,0,241,241,0,0,1,1,3
TTAA,5,0.123,0.123,0,185,185,0,0,1,1,1
CCG,7,3.773,3.773,0,188,188,0,0,1,1,1
GA,10,0.123,0.123,0,185,185,0,0,1,1,1
GCC,7,0.122,0.122,0,259,255,0,0,1,1,3
CCG,9,0.201,0.201,1,145,151,0,0,1,1,1
AT,40,1.687,1.687,1,163,178,0,0,0,0,1
CT,13,0.56,0.56,1,187,185,0,0,1,1,1
TC,13,0.225,0.225,1,190,201,0,0,1,1,1
CT,12,3.104,3.104,1,180,192,0,0,1,1,1
CT,10,1.726,1.726,1,175,170,0,0,1,0,1
TA,10,0.027,0.027,1,252,216,0,0,0,0,3
CGC,7,0.688,0.688,1,285,293,0,0,1,1,3
GTTT,6,0.941,0.941,1,97,99,0,0,1,0,1
CT,12,1.28,1.28,1,190,199,0,0,1,1,1
CCTC,5,1.345,1.345,1,204,193,0,0,1,1,1
TCT,7,1.419,1.419,1,74,82,0,0,1,1,1
CCG,8,1.425,1.425,1,436,424,0,0,0,0,2
GCC,7,1.425,1.425,1,436,424,0,0,0,0,2
AT,28,1.443,1.443,1,416,458,0,0,1,1,2
CT,10,1.485,1.485,1,199,167,0,0,0,0,1
CGC,7,1.91,1.91,1,440,445,0,0,1,1,2
TA,51,2.265,2.265,1,168,209,0,0,0,0,1
AT,24,2.351,2.351,1,350,348,0,0,0,0,2
GAT,17,2.644,2.644,1,333,323,0,0,1,1,3
CA,59,2.696,2.696,1,391,391,0,0,0,0,2
AT,26,2.696,2.696,1,391,391,0,0,0,0,2
GGC,7,2.716,2.716,1,464,464,0,0,1,1,2
GT,10,2.793,2.793,1,171,154,0,0,1,0,1
CGTT,5,2.985,2.985,1,185,184,0,0,1,1,1
TC,16,3,3,1,211,192,0,0,1,0,1
CGCT,5,3,3,1,211,192,0,0,1,0,1
CCG,7,3.099,3.099,1,388,390,0,0,1,1,2
CGC,7,3.292,3.292,1,126,114,0,0,1,1,1
CCT,7,3.303,3.303,1,430,402,0,0,0,0,2
CGC,7,3.564,3.564,1,290,281,0,0,1,1,3
CT,11,3.723,3.723,1,147,143,0,0,1,1,1
AT,13,3.75,3.75,1,161,177,0,0,1,1,1
TA,23,0.922,0.922,1,532,539,0,0,0,0,2
TC,15,2.049,2.05,1,351,356,0,0,1,1,2
ATT,34,0.948,0.948,1,237,267,0,0,0,0,3
CTT,8,-0.285,-0.285,1,178,174,0,0,1,1,1
GATG,6,1.435,1.434,1,234,233,0,0,1,1,3
CT,16,3.343,3.343,1,401,403,0,0,1,1,2
AT,13,1.687,1.687,1,195,155,0,0,0,0,1
GT,14,-0.423,-0.423,1,354,354,0,0,1,1,2
CCACGC,5,-0.141,-0.141,1,203,212,0,0,1,1,1
CCT,7,2.971,2.971,1,318,310,0,0,1,1,3
TA,31,1.349,1.349,1,402,395,0,0,0,1,2
TA,13,1.898,1.898,1,118,118,0,0,1,1,1
TCTTT,6,-0.457,-0.457,1,214,214,0,0,0,0,3
CGC,8,3.104,3.104,1,94,105,0,0,1,1,1
GA,11,1.419,1.419,1,101,109,0,0,1,1,1
CGG,7,3.183,3.183,1,282,279,0,0,1,1,3
ACCAA,6,-0.457,-0.457,1,214,214,0,0,0,0,3
GAG,7,1.431,1.431,1,237,219,0,0,1,1,3
CT,15,1.999,1.999,1,239,263,0,0,1,1,3
CT,11,3.445,3.445,1,369,377,0,0,1,1,2
CT,20,3.445,3.445,1,369,377,0,0,1,1,2
TTC,10,-0.457,-0.457,2,341,339,0,0,0,0,3
GCCAC,6,-0.457,-0.457,2,341,337,0,0,0,0,3
TA,16,0.284,0.284,0,108,128,0,0,1,1,1
CCA,8,-0.156,-0.156,0,141,145,0,0,1,1,1
TCC,7,0.922,0.922,0,159,158,0,0,1,1,1
GCC,7,1.941,1.941,0,387,387,0,0,1,0,2
ATTT,5,0.922,0.922,0,277,277,0,0,1,1,3
ATAG,5,0.922,0.922,0,277,277,0,0,1,1,3
CTCC,6,2.722,2.722,0,247,247,0,0,1,1,3
CTC,8,2.701,2.701,1,146,145,0,0,1,1,1
TTG,8,2.563,2.563,1,214,211,0,0,1,1,3
AAT,20,0.839,0.839,1,262,228,0,0,1,1,3
TCC,8,-0.202,-0.202,1,158,158,0,0,0,0,1
AG,14,1.353,1.353,1,119,121,0,0,1,1,1
AT,31,2.29,2.29,1,171,205,0,0,1,0,1
CGG,7,3.029,3.029,1,68,67,0,0,1,0,1
TAG,7,2.284,2.284,1,368,372,0,0,1,0,2
AAT,28,2.228,2.228,1,160,203,0,0,1,1,1
TTA,7,2.483,2.483,1,285,267,0,0,1,0,3
TA,29,-0.487,-0.487,1,266,262,0,0,1,1,3
TA,27,1.626,1.626,1,104,126,0,0,1,1,1
CATCC,5,-0.487,-0.487,1,266,262,0,0,1,1,3
ATA,12,2.483,2.483,1,285,267,0,0,1,0,3
CTT,11,1.285,1.285,2,142,169,0,0,1,1,1
AT,10,0.154,0.154,2,242,239,0,0,1,0,3
GTA,14,2.292,2.292,0,136,160,0,0,1,1,1
ATCT,8,2.417,2.417,0,195,215,0,0,1,1,1
CGC,8,2.292,2.292,0,148,152,0,0,1,1,1
TC,21,2.085,2.085,0,137,150,0,0,1,1,1
GA,14,1.713,1.713,0,105,107,0,0,1,1,1
AAG,15,0.67,0.67,0,177,183,0,0,1,1,1
CT,19,2.081,2.081,0,115,125,0,0,1,1,1
CT,15,-0.063,-0.063,0,247,246,0,0,1,0,3
CCT,10,-0.062,-0.062,0,372,385,0,0,1,0,2
AAAT,5,1.337,1.337,0,368,371,0,0,1,1,2
TCGA,5,2.711,2.711,0,69,68,0,0,1,1,1
ACG,8,2.709,2.709,0,272,271,0,0,1,1,3
ATGC,5,2.152,2.152,0,268,271,0,0,1,1,3
TG,10,2.087,2.087,0,178,187,0,0,1,1,1
CT,10,2.082,2.082,0,107,95,0,0,1,1,1
CTA,14,2.292,2.292,0,134,157,0,0,1,1,1
TCT,15,0.67,0.67,0,178,183,0,0,1,1,1
AT,24,1.032,1.032,0,380,393,0,0,1,1,2
CTT,8,1.032,1.032,0,380,393,0,0,1,1,2
TAT,22,1.065,1.065,1,172,178,0,0,1,0,1
AC,13,-0.363,-0.363,1,131,141,0,0,1,0,1
AG,26,-0.192,-0.192,1,146,156,0,0,1,0,1
CAC,8,1.499,1.499,1,144,141,0,0,1,1,1
GTG,7,2.605,2.605,1,111,110,0,0,1,1,1
AT,30,-0.465,-0.465,1,302,271,0,0,0,0,3
GA,19,-0.296,-0.296,1,82,98,0,0,1,1,1
TA,49,-0.184,-0.184,1,478,501,0,0,0,0,2
TCTT,5,0.528,0.528,1,195,198,0,0,1,1,1
GGC,7,0.879,0.879,1,181,186,0,0,1,1,1
TC,19,0.979,0.979,1,155,156,0,0,1,1,1
TA,25,1.212,1.212,1,137,166,0,0,0,0,1
TCGA,5,1.365,1.365,1,251,250,0,0,1,1,3
GA,18,1.397,1.397,1,93,100,0,0,1,1,1
CCG,7,2.615,2.615,1,502,487,0,0,1,0,2
TC,13,-0.443,-0.443,1,102,99,0,0,1,1,1
TAT,18,-0.449,-0.449,1,338,358,0,0,1,1,2
CGG,8,-0.437,-0.437,1,89,88,0,0,1,1,1
TAT,26,-0.199,-0.199,1,236,196,0,0,1,1,3
AAAG,7,0.521,0.521,1,145,148,0,0,1,1,1
GTG,8,1.499,1.499,1,149,145,0,0,0,0,1
TC,15,1.578,1.578,1,177,190,0,0,1,1,1
CT,25,2.366,2.366,1,269,275,0,0,1,1,3
TA,14,0.958,0.958,1,350,372,0,0,1,1,2
TTTA,5,1.131,1.131,1,299,307,0,0,1,1,3
CCT,7,0.81,0.81,1,395,388,0,0,1,1,2
AC,17,1.402,1.402,1,242,238,0,0,1,1,3
AT,15,0.977,0.977,1,248,244,0,0,1,1,3
TATT,7,1.402,1.402,1,242,238,0,0,1,1,3
TA,41,2.465,2.465,1,286,331,0,0,0,0,3
TTTA,9,0.403,0.403,1,379,385,0,0,1,1,2
TTCT,5,0.517,0.517,2,160,155,0,0,1,1,1
AT,18,0.604,0.604,2,294,255,0,0,0,0,3
GCG,10,0.185,0.185,0,132,132,0,0,1,1,1
GAA,8,-0.108,-0.108,0,146,149,0,0,1,1,1
CTT,7,-0.108,-0.108,0,87,86,0,0,1,1,1
AGAT,5,0.069,0.069,0,615,614,0,0,1,1,2
GCC,7,1.136,1.136,0,211,200,0,0,1,0,1
GA,10,1.137,1.136,0,138,137,0,0,1,0,1
CGG,7,2.022,2.022,0,199,198,0,0,1,1,1
TCCA,5,2.021,2.021,0,194,194,0,0,1,1,1
TC,12,1.133,1.133,0,245,243,0,0,1,0,3
GATC,6,-0.384,-0.384,1,167,179,0,0,1,1,1
TCC,9,0.139,0.139,1,146,149,0,0,1,1,1
AG,27,-0.344,-0.344,1,95,125,0,0,1,1,1
AAAAG,7,-0.449,-0.449,1,104,111,0,0,1,1,1
CT,15,2.411,2.411,1,146,146,0,0,1,0,1
ATAG,6,0.49,0.49,1,179,151,0,0,1,1,1
CT,26,2.528,2.528,1,139,173,0,0,1,1,1
TA,40,-0.263,-0.263,1,200,184,0,0,0,0,1
TCC,5,-0.337,-0.337,1,224,224,0,0,1,1,3
CCA,4,-0.337,-0.337,1,224,224,0,0,1,1,3
CAGCT,3,-0.337,-0.337,1,224,224,0,0,1,1,3
CT,17,-0.337,-0.337,1,224,224,0,0,1,1,3
GTGCA,3,-0.337,-0.337,1,224,224,0,0,1,1,3
CT,10,0.129,0.129,1,196,195,0,0,1,1,1
CT,10,1.809,1.809,1,138,116,0,0,1,1,1
ATTT,5,-0.452,-0.452,1,92,91,0,0,0,0,1
CTCG,5,-0.401,-0.4,1,274,271,0,0,0,0,3
CCT,7,-0.358,-0.358,1,339,342,0,0,1,1,3
CGC,7,-0.143,-0.143,1,154,178,0,0,1,0,1
CGC,7,-0.044,-0.044,1,278,285,0,0,1,1,3
AT,36,0.044,0.044,1,252,260,0,0,0,0,3
GAG,8,0.144,0.144,1,233,244,0,0,0,1,3
GAC,7,0.152,0.152,1,100,99,0,0,0,1,1
ATAG,6,0.256,0.256,1,342,296,0,0,1,1,3
AAT,7,0.266,0.266,1,192,147,0,0,1,1,1
AG,11,0.785,0.785,1,280,272,0,0,1,1,3
ATCT,14,1.768,1.768,1,306,347,0,0,1,1,3
CCTC,5,1.809,1.809,1,138,116,0,0,1,1,1
AT,35,1.814,1.814,1,547,597,0,0,0,0,2
CT,11,1.848,1.848,1,335,340,0,0,1,1,3
TA,20,2.115,2.115,1,174,199,0,0,1,1,1
TAC,7,2.166,2.166,1,77,95,0,0,1,1,1
AT,13,1.186,1.186,1,121,128,0,0,1,1,1
CTA,9,2.391,2.391,1,272,280,0,0,1,1,3
AT,26,2.509,2.509,1,294,301,0,0,1,1,3
GA,20,2.192,2.192,1,246,253,0,0,0,1,3
AT,14,0.206,0.206,1,341,360,0,0,1,1,2
TATT,6,-0.424,-0.424,1,339,341,0,0,1,1,3
TG,27,0.233,0.233,1,80,118,0,0,0,0,1
CT,23,-0.354,-0.354,1,285,294,0,0,1,1,3
CT,27,-0.344,-0.344,1,234,263,0,0,1,1,3
GCG,9,0.193,0.193,1,189,191,0,0,1,1,1
TAT,13,2.412,2.412,1,354,376,0,0,1,1,2
AAT,62,0.16,0.16,1,320,340,0,0,0,0,3
TA,35,2.528,2.528,1,383,379,0,0,0,0,2
AT,33,2.061,2.061,1,276,273,0,0,0,0,3
TA,18,1.851,1.851,1,370,372,0,0,1,1,2
AAAT,6,-0.423,-0.423,1,160,160,0,0,1,1,1
CCG,7,-0.358,-0.358,1,367,372,0,0,1,1,2
CGC,7,-0.358,-0.358,1,389,397,0,0,1,1,2
TG,27,0.233,0.233,2,122,159,0,0,0,0,1
AT,12,0.562,0.562,2,480,449,0,0,0,0,2
TC,10,1.187,1.187,2,145,118,0,0,1,1,1
CTG,8,1.771,1.771,0,96,93,0,0,1,1,1
TC,15,2.367,2.367,0,161,157,0,0,1,1,1
GCT,7,2.366,2.366,0,90,95,0,0,1,1,1
GGT,8,0.093,0.093,0,353,361,0,0,1,1,2
AG,11,0.093,0.093,0,112,99,0,0,1,1,1
AGG,7,-0.194,-0.194,0,241,242,0,0,1,1,3
GA,20,1.455,1.455,0,128,143,0,0,1,1,1
CTG,8,1.901,1.901,0,406,411,0,0,1,1,2
TC,15,2.367,2.367,0,168,163,0,0,1,1,1
CAG,8,1.771,1.771,0,103,99,0,0,1,1,1
TA,28,0.321,0.321,0,379,379,0,0,1,1,2
TCT,19,0.321,0.321,0,354,354,0,0,1,1,2
CCT,10,1.741,1.741,0,172,172,0,0,1,1,1
GCC,7,0.214,0.214,0,103,103,0,0,1,1,1
GA,12,2.281,2.281,1,152,154,0,0,1,1,1
AT,94,0.384,0.384,1,228,277,0,0,0,0,3
CGG,9,-0.336,-0.337,1,112,112,0,0,1,1,1
TACA,6,-0.36,-0.361,1,107,99,0,0,0,0,1
CT,22,-0.006,-0.006,1,177,195,0,0,1,1,1
TC,11,1.351,1.351,1,127,130,0,0,1,1,1
TTAA,5,-0.405,-0.405,1,156,159,0,0,0,1,1
AAG,7,-0.335,-0.335,1,127,126,0,0,1,1,1
GATG,5,-0.252,-0.252,1,116,115,0,0,1,1,1
GGC,7,-0.025,-0.025,1,478,490,0,0,1,0,2
TATC,5,0.642,0.642,1,132,139,0,0,0,0,1
AT,40,1.152,1.152,1,247,267,0,0,0,0,3
AAT,10,1.653,1.653,1,295,261,0,0,0,0,3
GCG,8,1.711,1.711,1,336,340,0,0,1,1,3
GA,11,1.823,1.823,1,151,161,0,0,0,0,1
TTC,9,1.923,1.923,1,367,364,0,0,1,1,2
CATC,5,2.126,2.126,1,399,399,0,0,1,1,2
GGA,9,0.286,0.286,1,469,445,0,0,0,0,2
CT,12,1.289,1.289,1,275,276,0,0,1,1,3
CCCT,5,-0.428,-0.428,1,101,101,0,0,1,0,1
TGAT,5,-0.396,-0.396,1,150,150,0,0,1,1,1
CTG,7,-0.459,-0.459,1,321,321,0,0,1,1,3
CGG,7,-0.457,-0.457,1,303,323,0,0,1,1,3
ATAG,9,1.665,1.665,1,399,368,0,0,0,0,2
AT,12,-0.396,-0.396,1,150,150,0,0,1,1,1
CT,13,-0.457,-0.457,1,303,323,0,0,1,1,3
TGA,8,-0.428,-0.428,1,101,101,0,0,1,0,1
GCC,7,1.794,1.794,1,407,400,0,0,1,1,2
CTC,9,-0.459,-0.459,1,321,321,0,0,1,1,3
GA,17,-0.089,-0.089,1,271,282,0,0,1,1,3
AT,15,-0.482,-0.482,1,225,224,0,0,1,1,3
TGC,7,-0.315,-0.315,2,202,192,0,0,1,1,1
AAT,25,1.984,1.984,2,199,207,0,0,0,0,1
AT,15,0.384,0.384,2,312,360,0,0,0,0,3
AT,12,0.384,0.384,2,312,360,0,0,0,0,3
CT,30,1.272,1.272,0,119,149,0,0,1,0,1
CA,20,-0.332,-0.332,0,163,166,0,0,1,1,1
CT,16,0.223,0.223,0,114,126,0,0,1,0,1
GA,10,1.272,1.272,0,180,185,0,0,1,1,1
GATC,5,1.272,1.272,0,146,153,0,0,1,1,1
AGAT,12,1.863,1.863,0,163,186,0,0,1,1,1
AT,12,1.673,1.673,0,271,247,0,0,0,0,3
CT,12,-0.386,-0.386,0,401,391,0,0,1,0,2
CT,11,-0.389,-0.389,0,133,128,0,0,1,1,1
CT,30,1.272,1.272,0,351,380,0,0,1,0,2
TG,20,-0.332,-0.332,0,155,158,0,0,1,1,1
TC,15,0.456,0.456,0,313,313,0,0,1,0,3
CT,28,-0.388,-0.388,0,160,158,0,0,1,1,1
CT,10,-0.176,-0.176,0,406,400,0,0,1,1,2
GAC,8,0.999,0.999,1,148,154,0,0,1,1,1
CCA,8,1.435,1.435,1,92,103,0,0,1,1,1
CT,17,0.402,0.402,1,119,97,0,0,1,1,1
CCT,8,2.103,2.103,1,129,141,0,0,1,1,1
GA,18,2.027,2.027,1,183,177,0,0,1,1,1
TTAT,5,1.407,1.407,2,287,305,0,0,1,1,3
AC,11,1.407,1.407,2,287,305,0,0,1,1,3
AG,15,0.785,0.785,0,128,136,0,0,1,1,1
GA,14,1.253,1.253,0,113,120,0,0,1,1,1
TA,12,1.378,1.378,0,234,214,0,0,0,0,3
TCT,15,-0.267,-0.267,0,239,199,0,0,1,1,3
CT,12,1.489,1.489,0,78,81,0,0,1,1,1
TC,10,1.489,1.489,0,162,162,0,0,1,1,1
TC,14,0.007,0.007,0,157,148,0,0,1,1,1
TC,14,0.007,0.007,0,465,456,0,0,1,1,2
CTG,7,-0.49,-0.49,0,255,248,0,0,1,1,3
CTCG,5,-0.49,-0.49,0,368,374,0,0,1,0,2
AG,12,-0.49,-0.49,0,160,161,0,0,1,1,1
CCT,10,-0.489,-0.489,0,218,235,0,0,1,1,3
ACA,9,-0.494,-0.494,0,170,176,0,0,1,1,1
CT,15,-0.494,-0.494,0,184,174,0,0,1,1,1
TCT,7,-0.494,-0.494,0,134,142,0,0,1,1,1
CT,15,-0.494,-0.494,0,144,134,0,0,1,1,1
GA,15,-0.494,-0.494,0,149,138,0,0,1,1,1
CCA,8,-0.487,-0.487,0,297,296,0,0,1,1,3
GA,17,-0.483,-0.483,0,100,100,0,0,1,1,1
GCA,7,-0.483,-0.483,0,100,100,0,0,1,1,1
GGAG,5,-0.489,-0.489,0,247,242,0,0,1,0,3
TA,10,-0.49,-0.49,0,278,279,0,0,1,0,3
CT,12,-0.491,-0.491,0,172,177,0,0,1,1,1
ATAA,8,-0.492,-0.492,0,374,394,0,0,1,1,2
TC,10,-0.493,-0.493,0,276,289,0,0,1,1,3
GCTC,5,-0.495,-0.495,0,97,96,0,0,1,1,1
ACC,7,-0.493,-0.493,0,273,272,0,0,1,1,3
CAA,8,-0.493,-0.493,0,92,91,0,0,1,1,1
GCA,9,-0.493,-0.493,0,77,85,0,0,1,1,1
GCG,7,-0.488,-0.488,0,430,423,0,0,1,1,2
AT,38,-0.488,-0.488,0,147,148,0,0,0,0,1
GCT,7,-0.488,-0.488,0,159,151,0,0,1,1,1
GGC,8,-0.493,-0.493,0,137,143,0,0,1,1,1
TGTA,12,-0.484,-0.484,0,365,388,0,0,1,1,2
TATG,5,-0.484,-0.484,0,365,388,0,0,1,1,2
CT,14,-0.495,-0.495,0,207,207,0,0,1,1,1
CT,14,-0.495,-0.495,0,298,297,0,0,1,1,3
TTC,9,-0.495,-0.495,0,101,94,0,0,1,1,1
TTGG,5,-0.494,-0.494,0,147,150,0,0,1,1,1
CTTT,7,-0.495,-0.495,1,121,119,0,0,0,0,1
TCC,9,-0.495,-0.495,1,121,119,0,0,0,0,1
AT,18,-0.487,-0.487,0,162,179,0,0,0,0,1
CT,21,-0.493,-0.493,0,139,158,0,0,1,1,1
CGG,7,-0.479,-0.479,0,238,237,0,0,1,1,3
AACA,7,-0.48,-0.48,0,262,260,0,0,1,1,3
AAAT,5,-0.482,-0.482,0,215,228,0,0,1,1,3
TA,27,-0.472,-0.472,0,408,396,0,0,1,1,2
GA,12,-0.495,-0.495,1,218,221,0,0,1,1,3
TATG,7,-0.494,-0.494,0,196,195,0,0,1,1,1
CTG,10,-0.495,-0.495,0,243,242,0,0,1,1,3
CGC,9,-0.486,-0.486,0,229,234,0,0,1,1,3
AATC,5,-0.491,-0.491,0,170,169,0,0,0,1,1
TTC,15,-0.495,-0.495,1,358,359,0,0,1,1,2
TC,12,-0.495,-0.495,1,358,359,0,0,1,1,2
AT,16,-0.494,-0.494,0,241,193,0,0,0,0,3
TGCT,5,-0.492,-0.492,0,176,183,0,0,1,1,1
AG,11,-0.492,-0.492,0,241,244,0,0,1,1,3
CT,28,-0.493,-0.493,0,102,144,0,0,1,1,1
TAT,8,-0.492,-0.492,0,210,218,0,0,1,1,3
AG,28,-0.493,-0.493,0,163,204,0,0,1,1,1
CT,11,-0.495,-0.495,0,144,139,0,0,1,1,1
CT,16,-0.495,-0.495,0,197,198,0,0,1,1,1
TC,15,-0.495,-0.495,0,108,116,0,0,1,1,1
AGA,7,-0.492,-0.492,0,213,194,0,0,1,1,1
CTG,7,-0.488,-0.488,0,279,284,0,0,1,1,3
CT,12,-0.492,-0.492,0,271,271,0,0,1,1,3
CT,12,-0.492,-0.492,0,322,322,0,0,1,1,3
TC,12,-0.495,-0.495,0,252,252,0,0,1,1,3
CT,12,-0.495,-0.495,0,252,252,0,0,1,1,3
TG,12,-0.492,-0.492,0,271,252,0,0,1,1,3
CT,12,-0.495,-0.495,0,252,252,0,0,1,1,3
ATCT,8,-0.495,-0.495,0,180,206,0,0,1,1,1
GA,12,-0.495,-0.495,0,118,117,0,0,1,0,1
CCT,7,-0.489,-0.489,0,200,203,0,0,1,1,1
CGG,8,-0.491,-0.491,0,142,142,0,0,1,1,1
CTG,7,-0.487,-0.487,0,97,102,0,0,1,1,1
AAAT,5,-0.488,-0.488,0,178,177,0,0,1,1,1
AAG,7,-0.495,-0.495,0,151,150,0,0,1,1,1
TA,16,-0.495,-0.495,1,306,271,0,0,1,1,3
AT,25,-0.491,-0.491,0,188,168,0,0,0,0,1
AT,25,-0.491,-0.491,0,261,240,0,0,0,0,3
TA,30,-0.492,-0.492,0,314,314,0,0,1,1,3
TG,30,-0.492,-0.492,0,343,338,0,0,0,0,3
TC,12,-0.469,-0.469,0,128,116,0,0,1,1,1
AG,42,-0.466,-0.466,0,157,197,0,0,1,1,1
CCT,7,-0.486,-0.486,0,130,129,0,0,1,1,1
GA,12,-0.486,-0.486,0,141,162,0,0,1,1,1
CTG,10,-0.475,-0.475,0,194,194,0,0,1,1,1
TA,10,-0.477,-0.477,0,396,387,0,0,0,0,2
CT,42,-0.466,-0.466,0,182,221,0,0,1,1,1
TC,12,-0.469,-0.469,0,124,111,0,0,1,0,1
TC,24,-0.495,-0.495,0,200,195,0,0,0,1,1
CGC,8,-0.49,-0.49,0,196,199,0,0,1,1,1
GA,10,-0.488,-0.488,0,141,113,0,0,1,1,1
CTCC,6,-0.495,-0.495,0,184,187,0,0,0,0,1
CGC,8,-0.49,-0.49,0,384,386,0,0,1,1,2
GCC,8,-0.495,-0.495,0,157,166,0,0,1,1,1
TC,19,-0.494,-0.494,0,388,385,0,0,1,1,2
CTT,13,-0.492,-0.492,0,190,177,0,0,1,1,1
TC,12,-0.492,-0.492,0,190,177,0,0,1,1,1
CGG,7,-0.493,-0.493,0,100,99,0,0,1,1,1
AG,10,-0.49,-0.49,0,293,278,0,0,1,1,3
CT,10,-0.494,-0.494,0,215,188,0,0,1,1,1
GTC,8,-0.493,-0.493,0,141,141,0,0,1,1,1
ATAG,5,-0.478,-0.478,0,536,542,0,0,1,1,2
GAG,7,-0.493,-0.493,0,82,81,0,0,1,1,1
AG,15,-0.481,-0.481,0,194,193,0,0,1,1,1
CGA,8,-0.493,-0.493,0,81,80,0,0,1,1,1
CGT,7,-0.48,-0.48,0,274,306,0,0,1,1,3
GGT,8,-0.48,-0.48,0,274,322,0,0,1,1,3
TGA,8,-0.48,-0.48,0,342,322,0,0,1,1,3
TC,16,-0.48,-0.48,0,342,384,0,0,1,1,2
GTA,8,-0.48,-0.48,0,274,322,0,0,1,1,3
ACT,8,-0.48,-0.48,0,342,322,0,0,1,1,3
TG,11,-0.48,-0.48,0,274,255,0,0,1,1,3
CGG,7,-0.495,-0.495,1,338,337,0,0,1,1,3
GT,10,-0.495,-0.495,0,340,343,0,0,1,1,3
GTGC,5,-0.493,-0.493,0,128,128,0,0,1,1,1
GA,14,-0.495,-0.495,0,223,211,0,0,1,1,3
CTC,9,-0.494,-0.494,0,168,170,0,0,1,1,1
GA,14,-0.495,-0.495,0,237,224,0,0,1,1,3
CT,14,-0.493,-0.493,0,381,380,0,0,1,1,2
GATG,6,-0.495,-0.495,0,180,179,0,0,1,1,1
CATA,6,-0.492,-0.492,0,96,103,0,0,1,1,1
TA,18,-0.493,-0.493,0,257,208,0,0,0,0,3
CATA,6,-0.492,-0.492,0,100,106,0,0,1,1,1
ATT,26,-0.493,-0.493,1,461,466,0,0,1,1,2
TATT,6,-0.494,-0.494,1,207,222,0,0,0,1,3
GAG,7,-0.473,-0.473,0,173,169,0,0,1,1,1
AAG,8,-0.477,-0.477,0,173,161,0,0,1,1,1
AATC,6,-0.478,-0.478,0,144,139,0,0,1,1,1
CT,10,-0.479,-0.479,0,201,180,0,0,1,1,1
CGT,7,-0.48,-0.48,0,259,255,0,0,1,1,3
CCG,9,-0.482,-0.482,0,236,244,0,0,1,1,3
CGG,7,-0.479,-0.479,0,121,100,0,0,1,1,1
AC,19,-0.487,-0.487,0,184,194,0,0,1,1,1
AT,17,-0.487,-0.487,0,311,280,0,0,0,0,3
TA,25,-0.487,-0.487,1,399,390,0,0,1,1,2
CT,12,-0.476,-0.476,0,79,93,0,0,1,1,1
AG,10,-0.479,-0.479,0,240,242,0,0,1,1,3
GAGG,5,-0.479,-0.479,0,275,274,0,0,1,0,3
CT,12,-0.476,-0.476,0,181,194,0,0,1,1,1
TC,11,-0.49,-0.49,0,188,138,0,0,1,1,1
GT,28,-0.495,-0.495,0,180,199,0,0,1,1,1
TGC,8,-0.48,-0.48,0,186,185,0,0,1,1,1
CGC,7,-0.475,-0.475,0,135,134,0,0,1,1,1
GGA,10,-0.475,-0.475,0,187,192,0,0,1,1,1
TC,11,-0.474,-0.474,1,98,99,0,0,1,1,1
CT,9,-0.493,-0.493,0,200,224,0,0,1,1,3
CA,10,-0.482,-0.482,0,297,294,0,0,1,1,3
AT,11,-0.495,-0.495,0,338,367,0,0,1,1,2
TG,21,-0.495,-0.495,0,338,367,0,0,1,1,2
AG,15,-0.482,-0.482,0,127,131,0,0,1,1,1
CT,14,-0.491,-0.491,0,106,112,0,0,1,1,1
CT,13,-0.493,-0.493,0,123,125,0,0,1,1,1
AC,15,-0.473,-0.473,0,279,261,0,0,1,1,3
CCT,7,-0.478,-0.478,0,92,90,0,0,1,1,1
CAG,7,-0.478,-0.478,0,296,295,0,0,1,1,3
TGGA,5,-0.492,-0.492,0,92,99,0,0,1,1,1
AT,29,-0.488,-0.488,0,419,454,0,0,0,0,2
TCA,7,-0.488,-0.488,0,184,198,0,0,1,1,1
GA,13,-0.493,-0.493,0,289,290,0,0,1,1,3
CGC,7,-0.478,-0.478,0,104,102,0,0,1,1,1
AT,23,-0.488,-0.488,0,316,323,0,0,1,1,3
TCT,15,-0.488,-0.488,0,284,283,0,0,1,1,3
CA,10,-0.494,-0.494,0,145,144,0,0,1,1,1
GCA,7,-0.487,-0.487,0,84,83,0,0,1,1,1
ATCG,5,-0.486,-0.486,0,209,208,0,0,1,1,1
AAAT,7,-0.484,-0.484,0,154,157,0,0,1,0,1
TTCA,5,-0.493,-0.493,0,179,178,0,0,1,1,1
TCC,7,-0.49,-0.49,0,279,278,0,0,1,0,3
TATC,6,-0.494,-0.494,0,256,247,0,0,1,1,3
AG,15,-0.495,-0.495,0,157,155,0,0,1,0,1
AG,15,-0.495,-0.495,0,269,266,0,0,1,0,3
CTT,7,-0.487,-0.487,0,131,125,0,0,1,1,1
CT,16,-0.487,-0.487,0,208,198,0,0,1,1,1
CT,11,-0.487,-0.487,0,343,335,0,0,1,1,3
GA,11,-0.487,-0.487,0,343,335,0,0,1,1,3
CT,11,-0.487,-0.487,0,322,311,0,0,1,1,3
TA,11,-0.494,-0.494,0,146,167,0,0,1,0,1
AG,25,-0.494,-0.494,1,364,391,0,0,1,1,2
GAA,11,-0.46,-0.46,0,224,230,0,0,1,1,3
GTC,7,-0.472,-0.472,0,378,376,0,0,1,0,2
CGC,7,-0.468,-0.468,0,387,386,0,0,1,1,2
CA,10,-0.479,-0.479,0,167,165,0,0,1,1,1
GA,11,-0.463,-0.463,0,175,174,0,0,1,1,1
GAC,7,-0.463,-0.463,0,126,125,0,0,1,1,1
GA,10,-0.463,-0.463,0,184,185,0,0,1,1,1
GAA,11,-0.46,-0.46,0,85,91,0,0,1,1,1
GTG,11,-0.48,-0.48,0,199,198,0,0,1,1,1
CTT,11,-0.46,-0.46,0,121,126,0,0,1,1,1
AT,34,-0.489,-0.489,0,276,274,0,0,1,1,3
GCC,7,-0.495,-0.495,0,94,93,0,0,1,1,1
CCGG,5,-0.495,-0.495,0,135,138,0,0,1,1,1
CGG,7,-0.494,-0.494,0,198,198,0,0,1,1,1
TC,13,-0.489,-0.489,0,172,173,0,0,1,1,1
TA,26,-0.495,-0.495,2,179,210,0,0,1,1,1
TA,33,-0.494,-0.494,0,185,171,0,0,0,0,1
TCT,8,-0.493,-0.493,0,222,185,0,0,1,1,1
GGC,7,-0.495,-0.495,0,293,292,0,0,1,1,3
TTTA,5,-0.495,-0.495,0,182,181,0,0,1,1,1
CGC,8,-0.49,-0.49,0,404,398,0,0,1,1,2
GA,16,-0.495,-0.495,0,185,193,0,0,1,1,1
GGA,9,-0.494,-0.494,0,189,191,0,0,1,1,1
CT,13,-0.495,-0.495,0,186,187,0,0,1,1,1
GCG,8,-0.495,-0.495,0,358,360,0,0,1,1,2
CGC,7,-0.495,-0.495,0,164,169,0,0,1,1,1
GGC,7,-0.495,-0.495,0,239,247,0,0,0,1,3
CT,11,-0.479,-0.479,0,156,157,0,0,1,1,1
CAT,7,-0.481,-0.481,0,196,195,0,0,1,1,1
GA,11,-0.492,-0.492,0,298,273,0,0,1,0,3
CT,15,-0.485,-0.485,0,202,158,0,0,1,1,1
AT,10,-0.493,-0.493,1,421,393,0,0,0,0,2
GTCC,5,-0.493,-0.493,0,129,128,0,0,1,1,1
AG,12,-0.493,-0.493,0,129,129,0,0,1,1,1
CTC,9,-0.495,-0.495,0,333,332,0,0,1,1,3
CG,10,-0.495,-0.495,0,179,178,0,0,1,1,1
GATA,5,-0.494,-0.494,0,122,122,0,0,1,1,1
GA,19,-0.491,-0.491,1,115,117,0,0,1,1,1
AATC,6,-0.495,-0.495,0,193,192,0,0,1,1,1
TAGC,5,-0.494,-0.494,0,193,192,0,0,1,1,1
TG,10,-0.494,-0.494,0,175,176,0,0,1,1,1
CT,17,-0.493,-0.493,0,305,296,0,0,1,1,3
CCG,8,-0.484,-0.484,0,375,364,0,0,1,1,2
GGA,7,-0.494,-0.494,1,165,164,0,0,1,1,1
GATC,5,-0.493,-0.493,0,255,258,0,0,1,1,3
CGC,7,-0.493,-0.493,0,136,138,0,0,1,1,1
GCA,7,-0.495,-0.495,0,139,138,0,0,1,1,1
GAG,8,-0.493,-0.493,0,183,176,0,0,1,1,1
AATT,6,-0.488,-0.488,0,145,149,0,0,1,1,1
GA,13,-0.494,-0.494,0,263,264,0,0,1,1,3
GGT,7,-0.494,-0.494,0,145,144,0,0,1,0,1
AT,19,-0.488,-0.488,0,310,266,0,0,0,0,3
AT,16,-0.487,-0.487,0,174,160,0,0,0,0,1
AT,21,-0.487,-0.486,0,427,456,0,0,0,0,2
AAT,9,-0.487,-0.487,1,160,159,0,0,0,0,1
CGC,9,-0.474,-0.474,0,143,149,0,0,1,1,1
AGG,9,-0.475,-0.475,0,143,150,0,0,1,1,1
GA,10,-0.491,-0.491,0,167,172,0,0,1,1,1
CTC,8,-0.484,-0.484,0,76,75,0,0,1,1,1
GCG,9,-0.485,-0.485,0,91,90,0,0,1,1,1
GCG,9,-0.474,-0.474,0,163,168,0,0,1,1,1
CCG,7,-0.485,-0.485,0,152,150,0,0,1,1,1
GCG,9,-0.484,-0.484,0,257,253,0,0,1,1,3
TCC,9,-0.475,-0.475,1,183,189,0,0,1,1,1
ATCG,6,-0.49,-0.49,0,164,168,0,0,1,1,1
ATCG,6,-0.49,-0.49,0,260,263,0,0,1,1,3
AT,36,-0.491,-0.491,0,167,163,0,0,0,0,1
AG,15,-0.491,-0.491,0,196,183,0,0,1,1,1
CA,10,-0.491,-0.491,1,114,119,0,0,0,0,1
CT,22,-0.48,-0.48,0,267,282,0,0,1,1,3
AGG,7,-0.48,-0.48,0,166,165,0,0,1,1,1
AG,14,-0.486,-0.486,0,274,274,0,0,1,0,3
CGCT,5,-0.488,-0.488,0,210,209,0,0,1,1,1
TAAT,5,-0.49,-0.49,0,300,299,0,0,1,1,3
CAGC,5,-0.49,-0.49,0,96,99,0,0,1,1,1
GGC,7,-0.491,-0.491,0,366,371,0,0,1,1,2
AAG,7,-0.493,-0.493,0,282,267,0,0,1,1,3
AG,11,-0.493,-0.493,0,282,267,0,0,1,1,3
CAC,8,-0.493,-0.493,0,213,212,0,0,1,1,3
TC,12,-0.494,-0.494,0,187,192,0,0,1,1,1
TC,16,-0.495,-0.495,0,113,111,0,0,1,1,1
AG,16,-0.495,-0.495,0,501,498,0,0,1,1,2
TC,12,-0.489,-0.489,1,152,154,0,0,1,1,1
CT,10,-0.491,-0.491,0,143,136,0,0,1,1,1
CT,11,-0.491,-0.491,0,221,219,0,0,1,1,3
AAG,9,-0.492,-0.492,0,84,87,0,0,1,1,1
CAG,8,-0.492,-0.492,0,101,101,0,0,1,1,1
TCT,9,-0.492,-0.492,0,96,98,0,0,1,1,1
TGC,8,-0.492,-0.492,0,91,90,0,0,1,1,1
GGC,7,-0.487,-0.487,0,142,144,0,0,1,1,1
CTG,7,-0.495,-0.495,0,136,138,0,0,1,1,1
AG,10,-0.495,-0.495,0,176,187,0,0,1,1,1
AT,31,-0.495,-0.495,1,142,163,0,0,1,1,1
AC,12,-0.495,-0.495,0,126,160,0,0,0,0,1
AT,39,-0.495,-0.495,0,126,160,0,0,0,0,1
AT,11,-0.495,-0.495,1,393,345,0,0,0,0,2
TA,13,-0.494,-0.494,0,398,402,0,0,1,0,2
AT,27,-0.485,-0.485,0,156,197,0,0,1,1,1
AT,11,-0.484,-0.484,1,358,371,0,0,1,1,2
CTTT,6,-0.471,-0.471,0,140,136,0,0,1,1,1
TCG,8,-0.484,-0.484,0,184,184,0,0,1,1,1
TC,36,-0.494,-0.494,0,204,245,0,0,1,0,3
TTGC,5,-0.494,-0.494,0,161,168,0,0,1,1,1
CAG,8,-0.476,-0.476,0,350,356,0,0,1,1,2
CGA,8,-0.484,-0.484,0,174,173,0,0,1,1,1
TAC,9,-0.467,-0.467,0,278,284,0,0,1,1,3
AGAA,6,-0.471,-0.471,0,83,78,0,0,1,1,1
CGG,7,-0.488,-0.488,0,176,174,0,0,0,0,1
CGAT,5,-0.488,-0.488,0,372,374,0,0,1,1,2
TATG,5,-0.493,-0.493,0,263,257,0,0,1,1,3
CT,10,-0.467,-0.467,0,320,321,0,0,1,1,3
AT,10,-0.468,-0.468,0,341,330,0,0,1,1,3
AT,10,-0.468,-0.468,0,341,330,0,0,1,1,3
TC,10,-0.468,-0.468,0,384,384,0,0,1,1,2
AC,10,-0.471,-0.471,0,277,273,0,0,1,1,3
TC,10,-0.474,-0.474,0,249,249,0,0,1,1,3
TA,10,-0.474,-0.474,0,229,229,0,0,1,1,3
AT,10,-0.476,-0.476,0,122,112,0,0,1,1,1
GCAC,5,-0.467,-0.467,0,162,168,0,0,1,1,1
ATCG,5,-0.467,-0.467,0,320,321,0,0,1,1,3
AAG,7,-0.494,-0.495,0,118,117,0,0,1,1,1
CT,13,-0.494,-0.494,0,129,173,0,0,1,0,1
GCG,7,-0.494,-0.494,0,190,198,0,0,1,1,1
TC,10,-0.489,-0.489,0,252,256,0,0,1,1,3
GTT,21,-0.491,-0.491,0,126,161,0,0,1,1,1
TTCT,6,-0.491,-0.491,0,268,223,0,0,0,0,3
CGC,7,-0.495,-0.495,1,210,215,0,0,1,0,3
GA,22,-0.495,-0.495,0,157,182,0,0,1,1,1
CT,14,-0.49,-0.49,0,123,134,0,0,1,1,1
AAG,7,-0.49,-0.49,0,131,112,0,0,1,1,1
AAAG,6,-0.495,-0.495,1,355,359,0,0,0,0,2
GA,11,-0.495,-0.495,1,355,359,0,0,0,0,2
TC,27,-0.489,-0.489,0,236,236,0,0,1,1,3
GT,27,-0.489,-0.489,1,289,287,0,0,1,1,3
CT,19,-0.487,-0.487,0,191,197,0,0,1,1,1
CATT,6,-0.488,-0.488,0,142,146,0,0,1,1,1
AT,10,-0.487,-0.487,0,322,315,0,0,0,0,3
GCAC,5,-0.488,-0.488,0,156,155,0,0,1,1,1
GGA,7,-0.492,-0.492,0,352,351,0,0,1,1,2
TAT,9,-0.492,-0.492,0,394,393,0,0,1,1,2
AG,19,-0.487,-0.487,0,185,190,0,0,1,1,1
GAAT,6,-0.488,-0.488,0,156,159,0,0,1,1,1
GATC,6,-0.488,-0.488,1,296,297,0,0,0,1,3
AG,19,-0.495,-0.495,0,160,151,0,0,1,1,1
TCC,9,-0.495,-0.495,1,136,142,0,0,1,1,1
AT,32,-0.494,-0.494,0,396,396,0,0,1,1,2
TTA,11,-0.489,-0.489,0,282,263,0,0,1,1,3
AGAA,5,-0.495,-0.495,0,329,330,0,0,1,1,3
CT,19,-0.491,-0.491,1,203,179,0,0,1,1,1
CT,19,-0.491,-0.491,1,274,249,0,0,1,0,3
CCG,7,-0.491,-0.491,0,182,171,0,0,1,1,1
TCG,7,-0.492,-0.492,0,288,260,0,0,1,1,3
CTTT,6,-0.491,-0.491,1,407,387,0,0,1,1,2
AG,13,-0.494,-0.494,1,423,412,0,0,1,1,2
TA,19,-0.483,-0.483,0,276,299,0,0,1,1,3
TC,17,-0.479,-0.479,0,285,287,0,0,1,1,3
TC,12,-0.478,-0.478,0,129,102,0,0,1,1,1
GCC,7,-0.476,-0.476,0,341,337,0,0,1,1,3
ATA,12,-0.475,-0.475,0,221,223,0,0,1,1,3
GAAA,8,-0.484,-0.484,1,294,293,0,0,1,0,3
CTC,7,-0.493,-0.493,0,227,224,0,0,1,1,3
TC,8,-0.495,-0.495,0,220,220,0,0,1,1,3
AGA,12,-0.494,-0.494,0,151,144,0,0,1,1,1
CGC,7,-0.489,-0.489,0,401,399,0,0,1,0,2
AGG,8,-0.491,-0.491,0,98,103,0,0,1,1,1
GCAC,6,-0.489,-0.489,0,236,232,0,0,1,1,3
CGC,8,-0.488,-0.488,0,190,186,0,0,1,1,1
GAG,7,-0.492,-0.492,0,205,198,0,0,1,1,1
GGAG,5,-0.49,-0.49,0,229,254,0,0,0,0,3
CGC,8,-0.488,-0.488,0,262,257,0,0,1,1,3
CATT,5,-0.492,-0.492,0,358,346,0,0,1,1,2
CGC,7,-0.492,-0.492,0,396,384,0,0,1,1,2
GAGG,6,-0.49,-0.49,0,186,190,0,0,1,1,1
CACC,6,-0.492,-0.492,1,218,220,0,0,0,0,3
TTAT,5,-0.494,-0.494,0,152,159,0,0,1,1,1
CTT,13,-0.493,-0.493,0,164,164,0,0,1,1,1
CT,10,-0.494,-0.494,0,183,186,0,0,1,1,1
CTT,13,-0.493,-0.493,0,180,179,0,0,1,1,1
TC,11,-0.495,-0.495,0,156,161,0,0,1,1,1
ATAG,11,-0.494,-0.494,0,180,183,0,0,1,1,1
GCG,7,-0.495,-0.495,0,130,135,0,0,1,1,1
CCG,8,-0.495,-0.495,0,186,178,0,0,1,1,1
CCG,8,-0.495,-0.495,1,208,199,0,0,1,1,1
AG,12,-0.495,-0.495,0,120,119,0,0,0,0,1
AT,28,-0.489,-0.489,0,132,161,0,0,1,1,1
TA,11,-0.493,-0.493,0,183,188,0,0,0,0,1
AG,10,-0.494,-0.494,0,150,149,0,0,1,1,1
CTC,9,-0.487,-0.487,0,162,165,0,0,1,1,1
ATT,29,-0.488,-0.488,0,205,231,0,0,1,0,3
GCG,7,-0.495,-0.495,0,266,266,0,0,1,1,3
GAG,9,-0.487,-0.487,0,239,241,0,0,1,1,3
AGT,7,-0.486,-0.486,0,130,162,0,0,1,1,1
AT,20,-0.486,-0.486,1,457,506,0,0,0,0,2
ATC,7,-0.489,-0.489,0,193,192,0,0,1,1,1
GA,10,-0.494,-0.494,1,220,197,0,0,0,0,1
ATAG,7,-0.495,-0.495,0,163,139,0,0,1,1,1
ATAA,5,-0.492,-0.492,0,402,392,0,0,1,1,2
AC,14,-0.494,-0.494,0,159,171,0,0,1,1,1
TAA,7,-0.483,-0.483,0,198,197,0,0,1,1,1
TC,15,-0.49,-0.49,0,89,103,0,0,1,1,1
TTCC,7,-0.491,-0.491,0,88,123,0,0,1,1,1
AT,15,-0.49,-0.49,0,216,216,0,0,1,1,3
TC,15,-0.49,-0.49,0,358,366,0,0,1,0,2
CGC,8,-0.493,-0.493,1,125,131,0,0,0,1,1
CCT,8,-0.494,-0.494,0,150,153,0,0,1,1,1
GGA,8,-0.494,-0.494,0,293,295,0,0,1,1,3
GAAG,7,-0.493,-0.493,0,176,176,0,0,1,1,1
TCCT,7,-0.493,-0.493,0,95,94,0,0,1,1,1
TC,18,-0.489,-0.489,0,124,116,0,0,1,1,1
TC,16,-0.487,-0.487,0,285,280,0,0,1,1,3
GA,12,-0.481,-0.481,0,304,293,0,0,1,0,3
AT,33,-0.488,-0.488,1,214,179,0,0,0,0,1
GCAC,6,-0.495,-0.495,0,98,97,0,0,1,1,1
GA,26,-0.495,-0.495,0,156,183,0,0,1,1,1
GGT,11,-0.494,-0.494,0,383,379,0,0,1,1,2
GGC,7,-0.494,-0.494,0,383,379,0,0,1,1,2
TC,11,-0.49,-0.49,0,212,226,0,0,1,1,3
AG,20,-0.495,-0.495,0,116,122,0,0,1,1,1
AG,20,-0.495,-0.495,0,425,430,0,0,1,1,2
TAGG,5,-0.492,-0.492,0,306,301,0,0,1,1,3
CGG,8,-0.49,-0.49,0,76,81,0,0,1,1,1
GA,15,-0.494,-0.494,0,210,210,0,0,0,0,1
AAG,11,-0.494,-0.494,0,114,113,0,0,1,1,1
TGGC,7,-0.494,-0.494,0,183,182,0,0,1,1,1
GCG,7,-0.494,-0.494,0,151,150,0,0,1,1,1
AAG,10,-0.494,-0.494,0,107,116,0,0,1,1,1
TTC,10,-0.494,-0.494,0,433,441,0,0,1,1,2
CGG,7,-0.495,-0.495,0,91,99,0,0,1,1,1
TGC,8,-0.49,-0.49,1,300,299,0,0,1,1,3
CGG,8,-0.493,-0.493,0,232,231,0,0,1,1,3
ACG,7,-0.494,-0.494,0,185,184,0,0,1,1,1
CGC,7,-0.494,-0.494,0,169,167,0,0,1,1,1
AG,19,-0.494,-0.494,0,387,381,0,0,1,1,2
CGC,7,-0.493,-0.493,0,390,384,0,0,1,1,2
CCG,7,-0.493,-0.493,0,171,170,0,0,1,1,1
CCTC,5,-0.495,-0.495,0,169,183,0,0,1,1,1
TA,10,-0.494,-0.494,0,364,322,0,0,1,1,3
CTC,9,-0.485,-0.485,0,143,140,0,0,1,1,1
GA,13,-0.485,-0.485,0,89,88,0,0,1,0,1
AT,13,-0.494,-0.494,1,322,335,0,0,1,1,3
AG,18,-0.479,-0.479,0,163,165,0,0,1,0,1
AG,18,-0.479,-0.479,0,176,177,0,0,1,0,1
AT,18,-0.478,-0.478,0,282,278,0,0,1,1,3
AT,41,-0.485,-0.485,0,453,478,0,0,1,0,2
AG,13,-0.484,-0.484,0,162,173,0,0,1,1,1
GA,22,-0.494,-0.494,0,197,198,0,0,1,1,1
CT,22,-0.494,-0.494,0,239,239,0,0,1,1,3
TC,11,-0.494,-0.494,0,79,84,0,0,1,1,1
AATT,5,-0.493,-0.493,1,281,281,0,0,1,1,3
TA,10,-0.488,-0.488,0,326,299,0,0,0,0,3
AT,12,-0.495,-0.495,0,128,139,0,0,1,1,1
CTT,9,-0.495,-0.495,0,185,191,0,0,1,1,1
CTC,7,-0.492,-0.492,1,194,193,0,0,1,1,1
AG,15,-0.495,-0.495,0,177,190,0,0,1,1,1
ATTA,5,-0.491,-0.491,0,297,292,0,0,1,1,3
AGG,13,-0.493,-0.493,1,158,170,0,0,1,1,1
CT,14,-0.494,-0.494,0,156,147,0,0,1,1,1
AG,17,-0.495,-0.495,0,157,150,0,0,1,1,1
AGTG,5,-0.486,-0.486,0,184,183,0,0,1,1,1
TC,10,-0.493,-0.493,0,84,89,0,0,1,1,1
CT,31,-0.495,-0.495,0,169,205,0,0,1,1,1
CGC,7,-0.495,-0.495,0,148,147,0,0,1,1,1
CCA,7,-0.495,-0.495,0,101,100,0,0,1,1,1
CGC,9,-0.49,-0.49,0,166,166,0,0,1,1,1
GA,25,-0.49,-0.49,0,152,166,0,0,1,1,1
CGG,9,-0.49,-0.49,0,172,171,0,0,1,1,1
CGC,9,-0.49,-0.49,0,302,312,0,0,1,1,3
GA,23,-0.49,-0.49,0,302,312,0,0,1,1,3
CCA,8,-0.493,-0.493,0,373,360,0,0,1,1,2
AGG,7,-0.484,-0.484,0,247,253,0,0,1,1,3
GAG,7,-0.484,-0.484,1,255,239,0,0,0,0,3
GCC,9,-0.482,-0.482,0,179,187,0,0,1,1,1
AC,11,-0.494,-0.494,0,188,187,0,0,1,1,1
CATG,5,-0.491,-0.491,0,293,296,0,0,1,1,3
CT,11,-0.491,-0.491,1,321,320,0,0,1,1,3
CCG,8,-0.49,-0.49,1,299,305,0,0,1,1,3
TTA,24,-0.495,-0.495,0,479,487,0,0,0,0,2
AAG,7,-0.49,-0.49,0,267,257,0,0,1,1,3
GCTA,5,-0.49,-0.49,0,597,604,0,0,0,0,2
GGAA,5,-0.49,-0.49,0,175,178,0,0,1,1,1
GCG,7,-0.488,-0.488,0,250,244,0,0,1,1,3
AT,20,-0.488,-0.488,0,270,287,0,0,1,1,3
GA,17,-0.488,-0.488,0,195,198,0,0,1,1,1
GGC,7,-0.492,-0.492,0,107,94,0,0,1,1,1
AT,21,-0.493,-0.493,0,422,455,0,0,1,1,2
GAAG,5,-0.493,-0.493,0,156,155,0,0,1,1,1
AG,21,-0.493,-0.493,0,89,98,0,0,1,0,1
TTC,16,-0.49,-0.49,1,159,175,0,0,1,1,1
CT,10,-0.49,-0.49,1,372,367,0,0,1,1,2
CGC,7,-0.49,-0.49,0,193,195,0,0,1,1,1
AG,10,-0.489,-0.489,0,227,224,0,0,1,1,3
GA,11,-0.483,-0.483,0,124,140,0,0,1,1,1
CCT,7,-0.482,-0.482,0,380,393,0,0,1,1,2
TGAC,5,-0.492,-0.492,0,342,342,0,0,1,1,3
AATT,5,-0.49,-0.49,0,301,298,0,0,1,1,3
AT,40,-0.491,-0.491,0,634,632,0,0,0,0,2
TAT,7,-0.49,-0.49,0,245,247,0,0,1,1,3
CGG,9,-0.487,-0.487,0,226,240,0,0,1,0,3
CTAG,6,-0.487,-0.487,0,308,318,0,0,1,0,3
AG,11,-0.488,-0.488,0,259,259,0,0,1,1,3
AG,11,-0.487,-0.487,0,141,141,0,0,1,1,1
TGAA,5,-0.49,-0.49,0,150,137,0,0,1,1,1
ATCT,5,-0.49,-0.49,0,412,396,0,0,1,1,2
ATCT,8,-0.49,-0.49,0,412,396,0,0,1,1,2
GATC,5,-0.491,-0.491,0,296,295,0,0,1,1,3
ATCT,6,-0.494,-0.494,0,196,199,0,0,1,1,1
GGC,7,-0.494,-0.494,0,227,226,0,0,1,1,3
TA,28,-0.495,-0.495,1,393,434,0,0,0,0,2
GCG,7,-0.491,-0.491,0,114,122,0,0,1,1,1
GCG,8,-0.49,-0.49,1,188,190,0,0,1,1,1
TA,11,-0.492,-0.492,1,350,380,0,0,0,0,2
TC,16,-0.487,-0.487,0,250,252,0,0,1,1,3
TCTG,6,-0.493,-0.494,0,118,118,0,0,1,1,1
AT,11,-0.495,-0.495,1,263,262,0,0,0,0,3
TGAC,6,-0.493,-0.493,0,90,98,0,0,1,1,1
TGAC,6,-0.493,-0.493,0,285,294,0,0,1,1,3
CTT,11,-0.493,-0.493,0,168,180,0,0,1,1,1
AT,24,-0.491,-0.491,0,199,192,0,0,0,0,1
TC,13,-0.494,-0.494,0,144,131,0,0,1,1,1
CGG,7,-0.493,-0.493,0,165,164,0,0,1,1,1
GGTC,5,-0.49,-0.49,0,97,96,0,0,1,1,1
ATGT,5,-0.488,-0.488,0,100,99,0,0,1,1,1
CCG,8,-0.485,-0.485,0,172,171,0,0,1,1,1
AT,24,-0.491,-0.491,0,206,198,0,0,0,0,1
TG,10,-0.492,-0.492,0,286,279,0,0,1,1,3
CTT,11,-0.493,-0.493,0,75,86,0,0,1,1,1
GA,24,-0.488,-0.488,0,269,284,0,0,1,1,3
GATC,5,-0.495,-0.495,0,79,78,0,0,1,1,1
TA,20,-0.495,-0.495,2,106,134,0,0,0,0,1
GTA,8,-0.489,-0.489,0,278,268,0,0,1,1,3
GTC,7,-0.489,-0.489,0,485,484,0,0,1,0,2
CCT,7,-0.478,-0.478,0,265,264,0,0,1,1,3
AT,26,-0.481,-0.481,0,363,359,0,0,0,0,2
GAC,10,-0.493,-0.493,0,92,110,0,0,1,1,1
CTCC,5,-0.489,-0.489,1,373,389,0,0,1,0,2
ATCC,5,-0.494,-0.494,0,115,114,0,0,1,1,1
CCT,8,-0.495,-0.495,0,118,121,0,0,1,1,1
AGA,7,-0.495,-0.495,0,253,249,0,0,1,1,3
AGG,8,-0.495,-0.495,0,85,87,0,0,1,1,1
CGG,8,-0.492,-0.492,0,312,314,0,0,1,1,3
AT,19,-0.495,-0.495,0,243,270,0,0,0,0,3
TCC,9,-0.489,-0.49,0,136,141,0,0,1,1,1
AACT,5,-0.494,-0.494,0,517,482,0,0,0,0,2
TA,16,-0.494,-0.494,0,517,482,0,0,0,0,2
AT,16,-0.494,-0.494,0,581,619,0,0,0,0,2
GA,10,-0.492,-0.492,0,214,213,0,0,1,1,3
AG,13,-0.494,-0.494,0,95,96,0,0,1,1,1
CGC,7,-0.481,-0.481,1,115,114,0,0,1,0,1
GA,10,-0.495,-0.495,0,194,199,0,0,1,1,1
AAAC,5,-0.494,-0.494,0,139,138,0,0,1,1,1
TATG,5,-0.493,-0.493,0,158,157,0,0,1,1,1
GA,19,-0.495,-0.495,0,83,92,0,0,1,1,1
TCC,8,-0.494,-0.494,0,160,162,0,0,1,1,1
CT,13,-0.494,-0.494,0,116,112,0,0,1,1,1
GAG,17,-0.494,-0.494,0,104,108,0,0,1,1,1
AG,13,-0.494,-0.494,0,230,225,0,0,1,1,3
TAT,20,-0.493,-0.493,1,155,181,0,0,1,1,1
TTGG,6,-0.495,-0.495,0,158,162,0,0,1,1,1
TGT,12,-0.48,-0.48,0,183,186,0,0,1,1,1
AAG,11,-0.483,-0.483,0,155,161,0,0,1,1,1
GCC,7,-0.482,-0.482,0,320,332,0,0,1,0,3
CAT,7,-0.488,-0.488,0,91,96,0,0,1,1,1
GCG,7,-0.493,-0.493,0,95,103,0,0,1,1,1
TGT,12,-0.48,-0.48,0,150,152,0,0,1,1,1
AAG,11,-0.483,-0.483,0,361,366,0,0,1,1,2
GA,10,-0.488,-0.488,0,390,391,0,0,1,1,2
TA,10,-0.488,-0.488,0,336,328,0,0,1,1,3
AGA,7,-0.488,-0.488,1,303,299,0,0,1,0,3
GGC,8,-0.495,-0.495,0,154,160,0,0,1,1,1
GCC,8,-0.495,-0.495,0,180,185,0,0,1,1,1
GA,10,-0.493,-0.493,0,243,240,0,0,1,1,3
CGG,7,-0.494,-0.494,0,102,102,0,0,1,0,1
CCG,7,-0.491,-0.491,0,384,383,0,0,1,1,2
CT,11,-0.491,-0.491,0,263,279,0,0,1,1,3
CCT,7,-0.491,-0.491,0,146,144,0,0,1,0,1
TCG,7,-0.491,-0.491,0,156,155,0,0,1,1,1
CGT,8,-0.473,-0.473,1,128,142,0,0,1,1,1
GGT,7,-0.495,-0.495,0,95,94,0,0,1,1,1
AC,10,-0.485,-0.485,0,169,182,0,0,1,1,1
AG,11,-0.485,-0.485,0,169,182,0,0,1,1,1
AAT,21,-0.493,-0.493,0,139,144,0,0,1,1,1
AG,12,-0.489,-0.489,0,117,107,0,0,1,1,1
CAC,7,-0.489,-0.489,0,363,348,0,0,1,1,2
GTC,8,-0.482,-0.482,0,222,207,0,0,1,1,3
TG,11,-0.486,-0.486,0,211,216,0,0,1,1,3
CT,10,-0.482,-0.482,0,196,203,0,0,1,1,1
CGG,7,-0.478,-0.478,0,139,136,0,0,1,0,1
GTC,8,-0.482,-0.482,0,155,139,0,0,1,1,1
CCT,5,-0.486,-0.486,0,136,104,0,0,1,0,1
CT,10,-0.486,-0.486,0,136,104,0,0,1,0,1
CT,10,-0.486,-0.486,0,178,147,0,0,1,0,1
AG,15,-0.482,-0.482,0,124,134,0,0,1,1,1
GCG,8,-0.494,-0.494,0,121,132,0,0,1,1,1
AGC,7,-0.489,-0.489,0,153,161,0,0,1,1,1
CGG,7,-0.492,-0.492,0,223,255,0,0,1,1,3
TC,11,-0.482,-0.482,0,143,142,0,0,1,1,1
GA,30,-0.481,-0.481,0,163,176,0,0,1,1,1
GCG,8,-0.494,-0.494,0,179,189,0,0,1,1,1
AG,15,-0.482,-0.482,0,148,157,0,0,1,1,1
CAG,7,-0.493,-0.493,0,105,116,0,0,1,1,1
TC,21,-0.495,-0.495,0,182,186,0,0,1,1,1
AG,10,-0.495,-0.495,0,125,167,0,0,1,1,1
TC,21,-0.495,-0.495,0,181,184,0,0,1,1,1
ATAC,12,-0.495,-0.495,1,173,197,0,0,1,1,1
GGC,7,-0.493,-0.493,0,190,183,0,0,1,1,1
GAG,7,-0.493,-0.493,0,190,183,0,0,1,1,1
AG,11,-0.494,-0.494,0,200,194,0,0,1,1,1
CAC,9,-0.478,-0.479,0,92,92,0,0,1,1,1
CGC,7,-0.495,-0.495,0,148,146,0,0,1,1,1
TA,13,-0.494,-0.494,1,390,410,0,0,0,0,2
TG,26,-0.495,-0.495,0,271,226,0,0,0,0,3
GA,18,-0.487,-0.487,0,251,261,0,0,1,1,3
GCAC,5,-0.487,-0.487,0,199,198,0,0,1,1,1
TAT,22,-0.491,-0.491,0,150,150,0,0,1,1,1
AAAT,6,-0.49,-0.49,0,346,338,0,0,1,1,3
ATA,22,-0.491,-0.491,0,297,296,0,0,1,1,3
AT,10,-0.492,-0.492,1,281,280,0,0,1,1,3
CT,14,-0.488,-0.488,0,137,138,0,0,1,1,1
CT,14,-0.488,-0.488,0,139,141,0,0,1,1,1
CT,10,-0.488,-0.488,0,228,227,0,0,1,1,3
TGA,7,-0.495,-0.495,0,167,171,0,0,1,1,1
CCA,7,-0.495,-0.495,0,79,78,0,0,1,1,1
AG,10,-0.493,-0.493,0,219,224,0,0,1,1,3
AG,15,-0.485,-0.485,0,263,270,0,0,1,1,3
AATA,5,-0.487,-0.487,0,438,466,0,0,1,1,2
AGA,8,-0.487,-0.487,0,195,197,0,0,1,1,1
AAG,13,-0.486,-0.486,0,120,123,0,0,1,1,1
AG,10,-0.489,-0.489,0,109,108,0,0,1,1,1
AAG,13,-0.486,-0.486,0,136,138,0,0,1,1,1
TA,14,-0.486,-0.486,0,320,317,0,0,1,1,3
GA,14,-0.486,-0.486,0,375,371,0,0,1,1,2
AG,10,-0.494,-0.494,0,236,237,0,0,1,1,3
AG,12,-0.495,-0.495,0,126,113,0,0,1,0,1
CGG,8,-0.492,-0.492,1,321,318,0,0,1,1,3
CTG,8,-0.495,-0.495,0,107,115,0,0,1,1,1
TC,12,-0.495,-0.495,0,372,375,0,0,1,1,2
GA,10,-0.495,-0.495,2,198,203,0,0,1,1,1
GCGT,6,-0.492,-0.492,0,136,136,0,0,1,1,1
GA,20,-0.493,-0.493,0,116,134,0,0,1,1,1
CACG,6,-0.492,-0.492,0,263,262,0,0,1,1,3
CT,20,-0.493,-0.493,0,151,168,0,0,1,1,1
CAT,7,-0.491,-0.491,0,223,222,0,0,1,1,3
TATG,5,-0.482,-0.482,0,205,211,0,0,1,1,1
TA,16,-0.495,-0.495,1,390,392,0,0,1,1,2
GA,16,-0.495,-0.495,0,130,138,0,0,1,1,1
TA,20,-0.491,-0.491,0,104,134,0,0,1,1,1
TA,26,-0.491,-0.491,0,134,175,0,0,1,1,1
AG,15,-0.463,-0.463,0,517,514,0,0,1,1,2
AT,16,-0.466,-0.466,0,315,316,0,0,1,1,3
TA,28,-0.466,-0.466,0,429,457,0,0,0,0,2
GCC,7,-0.467,-0.467,0,143,142,0,0,1,1,1
GA,15,-0.466,-0.466,0,155,152,0,0,1,0,1
AT,18,-0.491,-0.491,0,317,290,0,0,0,0,3
GCG,7,-0.49,-0.49,0,180,179,0,0,1,1,1
CCTC,5,-0.495,-0.495,0,179,182,0,0,1,1,1
AT,39,-0.489,-0.489,1,202,193,0,0,0,0,1
AAAT,8,-0.495,-0.495,0,70,78,0,0,1,1,1
TCG,8,-0.495,-0.495,0,128,149,0,0,1,1,1
GCG,7,-0.494,-0.494,0,114,116,0,0,1,1,1
GGC,7,-0.495,-0.495,0,246,266,0,0,1,1,3
ACG,8,-0.495,-0.495,0,246,266,0,0,1,1,3
TA,10,-0.487,-0.486,1,648,600,0,0,0,0,2
TA,11,-0.487,-0.486,1,648,600,0,0,0,0,2
CT,40,-0.494,-0.494,0,239,268,0,0,0,0,3
GA,12,-0.494,-0.494,0,122,124,0,0,1,1,1
TC,12,-0.494,-0.494,0,279,280,0,0,1,1,3
GAA,19,-0.475,-0.475,0,143,167,0,0,1,1,1
CT,16,-0.488,-0.488,0,142,146,0,0,1,1,1
ACAT,11,-0.492,-0.492,0,215,205,0,0,0,0,1
GA,11,-0.482,-0.482,0,170,169,0,0,1,1,1
CT,17,-0.486,-0.486,0,199,198,0,0,1,1,1
CT,12,-0.488,-0.488,0,144,139,0,0,1,1,1
GAA,19,-0.475,-0.475,0,143,166,0,0,1,1,1
ACAT,12,-0.492,-0.492,0,245,238,0,0,0,0,3
AT,22,-0.492,-0.492,0,245,238,0,0,0,0,3
AT,43,-0.475,-0.475,0,240,260,0,0,1,1,3
CCT,10,-0.492,-0.492,0,304,304,0,0,0,0,3
TC,27,-0.491,-0.491,0,171,200,0,0,1,1,1
CT,12,-0.486,-0.486,0,188,194,0,0,1,1,1
TA,15,-0.483,-0.483,0,231,246,0,0,1,1,3
CT,11,-0.494,-0.494,0,171,172,0,0,1,1,1
ATCT,5,-0.491,-0.491,1,357,311,0,0,0,1,3
TCTT,6,-0.493,-0.493,0,153,157,0,0,1,1,1
CT,17,-0.493,-0.493,0,148,160,0,0,1,1,1
CCG,7,-0.493,-0.493,0,196,158,0,0,1,1,1
GAA,16,-0.495,-0.494,1,291,260,0,0,1,1,3
GT,7,-0.49,-0.49,0,184,186,0,0,1,1,1
GA,6,-0.49,-0.49,0,184,186,0,0,1,1,1
TTC,8,-0.487,-0.487,0,212,185,0,0,1,1,1
GGT,7,-0.488,-0.488,0,508,478,0,0,1,1,2
TGC,8,-0.489,-0.489,0,174,176,0,0,1,1,1
TAC,17,-0.493,-0.493,0,361,375,0,0,1,1,2
TGC,9,-0.494,-0.494,0,189,188,0,0,1,1,1
GGA,7,-0.494,-0.494,0,268,263,0,0,1,1,3
AT,41,-0.489,-0.489,0,249,286,0,0,0,0,3
AAAT,5,-0.482,-0.482,0,214,213,0,0,1,1,3
GA,12,-0.484,-0.484,0,181,152,0,0,1,1,1
TA,31,-0.491,-0.491,0,339,354,0,0,0,0,2
AT,23,-0.493,-0.493,0,228,263,0,0,1,1,3
AT,10,-0.485,-0.485,0,271,295,0,0,0,0,3
GCG,7,-0.482,-0.482,0,179,178,0,0,1,1,1
CTC,8,-0.478,-0.478,0,153,159,0,0,1,1,1
TG,19,-0.489,-0.489,0,257,265,0,0,1,1,3
TC,19,-0.494,-0.494,0,118,129,0,0,1,1,1
GCG,7,-0.491,-0.491,0,189,188,0,0,1,1,1
CCCT,5,-0.494,-0.494,0,168,178,0,0,1,1,1
TGG,10,-0.495,-0.495,0,361,360,0,0,1,0,2
ATCT,5,-0.495,-0.495,0,174,173,0,0,1,1,1
AGA,8,-0.495,-0.495,0,187,190,0,0,1,1,1
AGA,5,-0.495,-0.495,0,187,190,0,0,1,1,1
CGC,8,-0.483,-0.483,1,92,94,0,0,1,1,1
CCT,9,-0.483,-0.483,1,145,145,0,0,1,1,1
CTA,8,-0.484,-0.484,0,253,217,0,0,1,1,3
TCC,8,-0.495,-0.495,0,108,111,0,0,1,1,1
CCG,7,-0.491,-0.491,0,176,181,0,0,1,1,1
TA,10,-0.489,-0.489,0,402,413,0,0,0,0,2
TG,10,-0.469,-0.469,0,113,116,0,0,1,1,1
GCA,7,-0.467,-0.467,0,91,90,0,0,1,1,1
CGC,8,-0.467,-0.467,0,110,109,0,0,1,1,1
TCT,8,-0.467,-0.467,0,112,111,0,0,1,1,1
AT,13,-0.492,-0.492,0,249,249,0,0,1,1,3
AG,12,-0.494,-0.494,0,392,399,0,0,1,1,2
AG,20,-0.495,-0.495,0,268,281,0,0,1,1,3
TTG,7,-0.487,-0.487,0,199,196,0,0,1,1,1
AAG,9,-0.49,-0.49,0,389,398,0,0,1,1,2
CGC,8,-0.493,-0.493,0,381,386,0,0,1,1,2
ATTA,5,-0.494,-0.494,0,226,217,0,0,1,1,3
CAG,7,-0.487,-0.487,0,397,394,0,0,1,1,2
TGG,7,-0.487,-0.487,0,332,327,0,0,1,1,3
CCT,7,-0.487,-0.487,0,397,394,0,0,1,1,2
CT,23,-0.493,-0.493,2,64,98,0,0,1,1,1
CCT,7,-0.49,-0.49,0,209,211,0,0,1,1,1
CGC,8,-0.492,-0.492,0,94,99,0,0,1,1,1
CA,10,-0.492,-0.492,0,288,287,0,0,1,1,3
TC,12,-0.493,-0.493,1,185,196,0,0,1,1,1
AC,18,-0.495,-0.495,0,91,109,0,0,1,1,1
TG,18,-0.495,-0.495,0,166,183,0,0,1,1,1
CT,13,-0.494,-0.494,0,216,216,0,0,1,1,3
AC,13,-0.495,-0.494,0,376,375,0,0,1,1,2
AT,22,-0.495,-0.495,1,309,278,0,0,1,1,3
AG,13,-0.495,-0.495,1,313,283,0,0,1,1,3
ATGG,5,-0.495,-0.495,1,313,283,0,0,1,1,3
CGC,8,-0.477,-0.477,0,393,387,0,0,1,1,2
CT,10,-0.477,-0.477,0,391,380,0,0,1,1,2
TC,12,-0.494,-0.494,0,184,188,0,0,1,1,1
CCG,7,-0.494,-0.494,0,313,312,0,0,1,1,3
AG,12,-0.493,-0.493,1,180,192,0,0,1,1,1
AG,12,-0.493,-0.493,1,262,273,0,0,1,1,3
TCT,9,-0.494,-0.494,0,273,275,0,0,1,1,3
AAT,7,-0.49,-0.49,0,219,218,0,0,1,1,3
CAC,8,-0.491,-0.491,0,169,169,0,0,1,1,1
GGT,8,-0.491,-0.491,0,179,178,0,0,1,1,1
CT,10,-0.483,-0.483,0,152,153,0,0,1,1,1
AG,10,-0.481,-0.481,0,128,123,0,0,1,1,1
AT,10,-0.481,-0.481,0,160,162,0,0,0,0,1
AG,37,-0.488,-0.488,0,140,166,0,0,1,1,1
ATA,23,-0.488,-0.488,1,374,358,0,0,1,0,2
AGG,8,-0.483,-0.483,0,230,217,0,0,1,1,3
CTC,7,-0.484,-0.484,0,171,170,0,0,1,1,1
TGC,7,-0.485,-0.485,0,82,81,0,0,1,1,1
GAT,7,-0.487,-0.487,0,115,114,0,0,1,1,1
CTC,8,-0.483,-0.483,0,158,144,0,0,1,1,1
ACA,14,-0.485,-0.485,0,128,148,0,0,1,1,1
ATAC,9,-0.485,-0.485,0,122,122,0,0,1,1,1
CCG,8,-0.484,-0.484,0,167,165,0,0,1,1,1
AT,11,-0.487,-0.487,0,346,341,0,0,1,1,3
CCT,9,-0.495,-0.495,0,130,131,0,0,1,1,1
ACT,8,-0.488,-0.488,0,122,162,0,0,1,0,1
CT,14,-0.493,-0.493,0,394,391,0,0,1,1,2
CT,33,-0.491,-0.491,0,268,279,0,0,1,1,3
ATTC,5,-0.493,-0.493,0,78,85,0,0,1,1,1
GA,10,-0.493,-0.493,0,383,382,0,0,1,1,2
AT,13,-0.491,-0.491,0,287,288,0,0,0,0,3
GCG,7,-0.489,-0.489,0,151,150,0,0,1,1,1
CT,13,-0.491,-0.491,0,89,88,0,0,0,0,1
GA,14,-0.488,-0.488,1,129,131,0,0,1,1,1
AAG,10,-0.492,-0.492,0,263,253,0,0,1,1,3
CT,17,-0.495,-0.495,0,103,104,0,0,1,1,1
CT,14,-0.492,-0.492,0,136,151,0,0,1,1,1
GAG,7,-0.495,-0.495,0,90,89,0,0,1,1,1
CT,11,-0.495,-0.495,0,180,175,0,0,1,1,1
GGC,8,-0.493,-0.493,0,111,116,0,0,1,1,1
TA,11,-0.481,-0.481,0,606,612,0,0,1,1,2
GA,10,-0.495,-0.495,0,83,96,0,0,1,1,1
AGAT,5,-0.494,-0.494,0,299,298,0,0,1,1,3
AG,14,-0.493,-0.493,0,81,80,0,0,1,1,1
TG,10,-0.493,-0.493,0,157,156,0,0,1,1,1
CT,10,-0.49,-0.49,0,167,166,0,0,1,1,1
CT,10,-0.49,-0.49,0,432,431,0,0,1,1,2
GA,12,-0.489,-0.489,0,128,127,0,0,1,1,1
AG,17,-0.487,-0.487,0,184,185,0,0,1,1,1
CGG,7,-0.495,-0.495,0,293,307,0,0,1,1,3
GA,11,-0.493,-0.493,0,301,298,0,0,1,1,3
CT,15,-0.494,-0.494,0,75,86,0,0,1,1,1
GCC,7,-0.491,-0.491,0,168,166,0,0,1,1,1
CGAT,5,-0.495,-0.495,0,151,150,0,0,1,1,1
TCC,8,-0.495,-0.495,0,237,236,0,0,1,1,3
AAG,17,-0.493,-0.493,0,219,230,0,0,1,1,3
ATAG,5,-0.494,-0.494,0,162,165,0,0,1,1,1
AG,13,-0.495,-0.495,0,299,299,0,0,1,1,3
ATC,7,-0.495,-0.495,0,127,126,0,0,1,1,1
GGAT,6,-0.495,-0.495,0,429,436,0,0,1,1,2
ATTA,6,-0.492,-0.492,0,280,276,0,0,1,1,3
CTCTC,5,-0.492,-0.492,0,245,246,0,0,1,1,3
AG,10,-0.489,-0.489,0,386,388,0,0,1,0,2
TC,14,-0.494,-0.494,0,244,242,0,0,1,1,3
AT,14,-0.494,-0.494,0,399,399,0,0,1,1,2
GAT,7,-0.493,-0.493,0,189,191,0,0,1,1,1
GCC,7,-0.495,-0.495,0,188,187,0,0,1,1,1
GGC,7,-0.495,-0.495,0,196,195,0,0,1,1,1
GA,18,-0.494,-0.494,0,189,189,0,0,1,1,1
GA,18,-0.494,-0.494,0,172,172,0,0,1,1,1
TC,18,-0.494,-0.494,0,192,191,0,0,1,1,1
AAG,7,-0.491,-0.491,0,203,202,0,0,1,1,1
CGGC,5,-0.491,-0.491,0,108,107,0,0,1,1,1
TA,38,-0.49,-0.49,0,415,449,0,0,0,0,2
CA,16,-0.476,-0.476,0,120,105,0,0,1,0,1
GAG,8,-0.486,-0.486,0,127,127,0,0,0,0,1
GAC,7,-0.475,-0.475,0,171,170,0,0,1,1,1
GATC,5,-0.478,-0.478,0,200,199,0,0,1,1,1
TTTG,6,-0.48,-0.48,0,182,189,0,0,1,1,1
ATA,7,-0.48,-0.48,0,371,375,0,0,1,1,2
GCG,7,-0.475,-0.475,1,123,122,0,0,1,0,1
CCT,7,-0.491,-0.491,0,92,91,0,0,1,1,1
CCT,7,-0.488,-0.488,0,224,226,0,0,1,1,3
CGCA,5,-0.485,-0.485,0,164,163,0,0,1,1,1
TC,10,-0.486,-0.486,0,123,173,0,0,0,0,1
GGCC,5,-0.492,-0.492,0,93,92,0,0,1,1,1
ATG,12,-0.492,-0.492,0,372,386,0,0,1,1,2
AT,30,-0.485,-0.485,0,282,268,0,0,0,0,3
TCC,7,-0.488,-0.488,0,94,93,0,0,1,1,1
AAG,7,-0.488,-0.488,0,160,171,0,0,1,1,1
TC,12,-0.488,-0.488,0,160,166,0,0,1,1,1
CGG,8,-0.493,-0.493,0,81,87,0,0,1,1,1
TA,26,-0.49,-0.49,0,136,185,0,0,1,1,1
TC,12,-0.488,-0.488,0,164,169,0,0,1,1,1
CGC,8,-0.493,-0.493,0,187,192,0,0,1,1,1
TA,20,-0.485,-0.485,0,375,397,0,0,1,1,2
AC,10,-0.494,-0.494,0,261,261,0,0,0,0,3
TCC,8,-0.495,-0.495,0,174,192,0,0,1,1,1
TCC,8,-0.495,-0.495,0,165,182,0,0,1,1,1
CTAC,7,-0.494,-0.494,0,190,191,0,0,1,0,1
GGTA,7,-0.494,-0.494,0,106,106,0,0,1,0,1
AG,12,-0.494,-0.494,0,302,297,0,0,1,1,3
ACA,6,-0.495,-0.495,0,132,132,0,0,1,1,1
AGA,9,-0.495,-0.495,0,132,132,0,0,1,1,1
ACA,6,-0.495,-0.495,0,115,115,0,0,1,1,1
AGA,9,-0.495,-0.495,0,115,115,0,0,1,1,1
TCT,7,-0.495,-0.495,0,88,87,0,0,1,1,1
ATT,23,-0.493,-0.493,0,190,207,0,0,1,1,1
CCT,9,-0.493,-0.493,0,224,231,0,0,0,1,3
ATA,24,-0.493,-0.493,0,190,209,0,0,1,1,1
AGA,8,-0.469,-0.469,0,170,170,0,0,1,1,1
AGG,8,-0.492,-0.492,0,154,154,0,0,1,1,1
CCT,8,-0.492,-0.492,0,83,82,0,0,1,1,1
CGG,8,-0.467,-0.467,0,237,232,0,0,1,0,3
TCA,7,-0.493,-0.493,0,228,227,0,0,0,0,3
TTGA,5,-0.494,-0.494,1,190,193,0,0,1,1,1
TC,10,-0.495,-0.495,0,160,160,0,0,1,1,1
TACA,7,-0.495,-0.495,0,160,160,0,0,1,1,1
GA,10,-0.495,-0.495,0,137,137,0,0,1,1,1
TC,19,-0.495,-0.495,0,184,176,0,0,1,1,1
TC,19,-0.495,-0.495,0,145,137,0,0,1,1,1
TC,19,-0.495,-0.495,0,401,387,0,0,1,1,2
CT,12,-0.488,-0.488,0,121,120,0,0,1,1,1
GCC,8,-0.488,-0.488,0,93,95,0,0,1,1,1
CGC,9,-0.487,-0.487,0,216,230,0,0,1,1,3
CCG,7,-0.494,-0.494,0,481,490,0,0,1,0,2
CGC,7,-0.495,-0.495,0,369,368,0,0,1,1,2
ATTA,7,-0.493,-0.493,0,163,162,0,0,1,1,1
ATT,26,-0.493,-0.493,0,277,288,0,0,1,1,3
TTA,18,-0.491,-0.491,0,234,251,0,0,1,1,3
AT,10,-0.491,-0.491,0,285,284,0,0,0,0,3
AG,27,-0.487,-0.487,0,162,187,0,0,1,1,1
GGA,10,-0.491,-0.491,0,81,98,0,0,1,1,1
GA,39,-0.495,-0.495,0,281,273,0,0,0,0,3
TC,13,-0.484,-0.484,1,106,116,0,0,1,1,1
TC,13,-0.484,-0.484,1,170,179,0,0,1,1,1
TA,13,-0.495,-0.495,0,185,204,0,0,1,1,1
ATCT,6,-0.495,-0.495,0,164,167,0,0,1,1,1
GTA,17,-0.49,-0.49,1,277,316,0,0,0,0,3
CGG,7,-0.494,-0.494,0,177,180,0,0,1,1,1
GT,20,-0.489,-0.489,0,241,256,0,0,1,1,3
CT,10,-0.489,-0.489,0,98,98,0,0,1,0,1
CT,15,-0.492,-0.492,0,384,389,0,0,1,1,2
TA,11,-0.488,-0.488,0,483,488,0,0,1,1,2
TA,13,-0.494,-0.494,0,263,272,0,0,1,1,3
GA,11,-0.494,-0.494,0,158,159,0,0,1,1,1
AC,11,-0.491,-0.491,0,153,154,0,0,1,1,1
CTT,9,-0.492,-0.492,0,191,198,0,0,1,1,1
CTG,7,-0.494,-0.494,0,126,128,0,0,1,1,1
AG,14,-0.49,-0.49,0,283,288,0,0,1,1,3
TAAT,5,-0.494,-0.494,0,237,243,0,0,1,1,3
TCC,7,-0.495,-0.495,0,278,277,0,0,1,1,3
GAA,11,-0.493,-0.493,0,184,189,0,0,1,1,1
TCT,11,-0.493,-0.493,1,145,157,0,0,1,0,1
AGA,9,-0.491,-0.491,1,210,243,0,0,1,0,3
AGG,7,-0.489,-0.489,2,123,122,0,0,1,0,1
CCT,7,-0.486,-0.487,0,97,93,0,0,1,1,1
GCG,7,-0.491,-0.491,0,179,181,0,0,1,1,1
GGC,7,-0.493,-0.493,0,614,612,0,0,1,0,2
CT,10,-0.494,-0.494,0,92,97,0,0,1,1,1
GGC,8,-0.495,-0.495,0,96,95,0,0,1,1,1
AGC,7,-0.495,-0.495,0,284,283,0,0,1,1,3
TGC,7,-0.486,-0.486,0,85,84,0,0,1,1,1
AAAG,5,-0.489,-0.489,0,216,215,0,0,1,1,3
ATT,18,-0.489,-0.489,0,185,176,0,0,1,1,1
TAA,18,-0.489,-0.489,0,242,232,0,0,1,1,3
CGA,7,-0.488,-0.488,1,198,192,0,0,1,1,1
GGC,7,-0.491,-0.491,0,235,255,0,0,1,1,3
GA,14,-0.483,-0.483,0,182,183,0,0,1,1,1
GA,11,-0.486,-0.486,0,257,265,0,0,1,1,3
CATC,5,-0.487,-0.487,0,179,182,0,0,1,1,1
GA,11,-0.486,-0.486,0,208,205,0,0,1,1,1
CT,11,-0.486,-0.486,0,200,206,0,0,1,1,1
TA,10,-0.488,-0.488,1,195,199,0,0,1,1,1
TA,17,-0.492,-0.492,0,113,132,0,0,1,1,1
CCG,8,-0.484,-0.484,0,141,142,0,0,0,0,1
GATC,5,-0.495,-0.495,0,277,272,0,0,1,1,3
CCT,7,-0.495,-0.495,0,134,133,0,0,1,1,1
GA,25,-0.491,-0.491,0,223,222,0,0,1,1,3
AT,25,-0.491,-0.491,0,252,251,0,0,1,1,3
CCT,10,-0.494,-0.494,0,476,482,0,0,1,1,2
CGC,7,-0.49,-0.49,0,237,237,0,0,1,1,3
CTG,7,-0.494,-0.494,0,182,181,0,0,1,1,1
GGA,8,-0.494,-0.494,0,178,174,0,0,1,1,1
TCC,10,-0.492,-0.492,0,262,219,0,0,1,1,3
CTT,7,-0.492,-0.492,0,262,219,0,0,1,1,3
CGCA,5,-0.494,-0.494,1,245,252,0,0,0,1,3
CAG,9,-0.495,-0.495,0,169,196,0,0,1,1,1
CTC,8,-0.495,-0.495,0,169,165,0,0,1,1,1
CAG,9,-0.495,-0.495,0,78,87,0,0,1,1,1
CTG,9,-0.495,-0.495,0,81,89,0,0,1,1,1
CGC,7,-0.489,-0.489,0,281,246,0,0,1,0,3
AG,12,-0.487,-0.487,0,170,170,0,0,1,0,1
AG,11,-0.485,-0.485,0,520,523,0,0,0,0,2
AG,12,-0.487,-0.487,0,171,170,0,0,1,0,1
AG,11,-0.494,-0.494,0,254,253,0,0,1,1,3
GA,28,-0.49,-0.49,0,369,388,0,0,1,1,2
CGC,7,-0.49,-0.49,0,369,388,0,0,1,1,2
CT,21,-0.489,-0.489,0,269,264,0,0,1,1,3
CT,21,-0.489,-0.489,1,363,353,0,0,1,0,2
GAG,7,-0.489,-0.489,0,131,130,0,0,1,1,1
GA,22,-0.49,-0.49,0,106,126,0,0,1,1,1
TC,18,-0.494,-0.494,0,237,248,0,0,1,0,3
CCA,9,-0.494,-0.494,0,322,329,0,0,1,0,3
ATCG,5,-0.495,-0.495,0,115,114,0,0,1,1,1
CGG,7,-0.495,-0.495,0,162,161,0,0,1,1,1
AT,12,-0.494,-0.494,0,388,384,0,0,1,1,2
TC,15,-0.492,-0.492,0,142,153,0,0,1,1,1
CGAT,5,-0.494,-0.494,0,136,135,0,0,1,1,1
AT,13,-0.491,-0.491,1,481,490,0,0,0,0,2
GCG,8,-0.48,-0.48,0,272,274,0,0,1,1,3
TACA,7,-0.486,-0.486,0,240,191,0,0,0,0,3
CGA,7,-0.485,-0.485,0,94,93,0,0,1,1,1
TC,10,-0.482,-0.482,0,345,345,0,0,1,1,2
CT,13,-0.494,-0.494,0,117,120,0,0,1,1,1
GCCA,5,-0.495,-0.495,0,169,168,0,0,1,1,1
CCG,7,-0.489,-0.489,1,323,325,0,0,1,1,3
AG,18,-0.495,-0.495,0,257,242,0,0,1,1,3
TAA,8,-0.493,-0.493,0,427,386,0,0,0,0,2
CCT,10,-0.495,-0.495,1,338,356,0,0,0,0,2
TG,15,-0.491,-0.491,1,252,260,0,0,1,1,3
TCGA,5,-0.491,-0.491,1,124,124,0,0,1,1,1
CTC,7,-0.494,-0.494,1,121,129,0,0,1,1,1
CA,13,-0.479,-0.479,0,109,117,0,0,1,1,1
CTC,7,-0.466,-0.466,0,148,147,0,0,1,1,1
CT,11,-0.459,-0.459,0,187,170,0,0,1,1,1
GGA,7,-0.461,-0.461,0,80,79,0,0,1,1,1
CA,14,-0.479,-0.479,0,245,254,0,0,1,1,3
TGT,7,-0.466,-0.466,0,291,286,0,0,1,1,3
ATATT,8,-0.466,-0.466,0,171,162,0,0,1,1,1
AGATT,6,-0.48,-0.48,0,104,103,0,0,1,1,1
AT,19,-0.485,-0.485,0,234,231,0,0,1,1,3
GAC,7,-0.48,-0.48,0,104,103,0,0,1,1,1
GGAT,5,-0.448,-0.448,1,189,192,0,0,0,0,1
TGA,10,-0.487,-0.487,0,149,167,0,0,1,0,1
GA,15,-0.478,-0.478,0,108,124,0,0,1,1,1
CTC,7,-0.482,-0.482,0,182,181,0,0,1,1,1
GCG,7,-0.479,-0.479,0,222,218,0,0,1,1,3
CTCG,5,-0.478,-0.478,0,189,189,0,0,1,1,1
GGA,8,-0.485,-0.485,0,89,85,0,0,1,1,1
TGA,10,-0.487,-0.487,0,102,119,0,0,1,0,1
CCG,7,-0.492,-0.492,1,180,179,0,0,1,1,1
GA,10,-0.491,-0.491,0,301,270,0,0,1,1,3
TC,10,-0.488,-0.488,0,148,157,0,0,1,1,1
AG,11,-0.494,-0.494,0,104,99,0,0,1,0,1
AG,14,-0.492,-0.492,0,206,213,0,0,1,1,1
AG,14,-0.492,-0.492,0,154,162,0,0,1,1,1
AG,14,-0.492,-0.492,0,146,153,0,0,1,1,1
AG,16,-0.483,-0.483,0,132,116,0,0,1,1,1
CTCG,5,-0.49,-0.49,0,98,95,0,0,1,1,1
GA,13,-0.494,-0.494,0,145,148,0,0,1,1,1
CGG,8,-0.485,-0.485,0,90,86,0,0,1,1,1
TCG,7,-0.483,-0.483,0,136,135,0,0,1,1,1
AG,16,-0.483,-0.483,0,187,170,0,0,1,1,1
AT,31,-0.493,-0.493,0,122,154,0,0,0,0,1
ATAA,5,-0.493,-0.493,0,357,392,0,0,0,0,2
AT,33,-0.493,-0.493,0,357,392,0,0,0,0,2
TCT,11,-0.495,-0.495,0,283,279,0,0,0,0,3
GAG,9,-0.495,-0.495,0,174,173,0,0,1,1,1
CT,14,-0.495,-0.495,0,125,121,0,0,1,1,1
CT,14,-0.495,-0.495,0,106,101,0,0,1,0,1
TCTG,8,-0.491,-0.491,0,267,278,0,0,1,1,3
CA,18,-0.493,-0.493,0,221,226,0,0,1,1,3
CT,11,-0.494,-0.494,0,336,339,0,0,1,1,3
CA,12,-0.494,-0.494,0,336,339,0,0,1,1,3
CT,16,-0.495,-0.495,0,269,283,0,0,1,1,3
CTG,8,-0.493,-0.493,0,155,161,0,0,1,1,1
GCG,8,-0.491,-0.491,0,177,177,0,0,1,1,1
GGC,7,-0.488,-0.488,0,341,343,0,0,0,0,3
GTG,7,-0.487,-0.487,0,74,70,0,0,1,1,1
GCT,7,-0.47,-0.47,0,268,267,0,0,1,0,3
GCG,8,-0.491,-0.491,0,195,194,0,0,1,1,1
CTG,8,-0.493,-0.493,0,290,295,0,0,1,1,3
CT,11,-0.495,-0.495,0,287,282,0,0,1,1,3
GATG,8,-0.485,-0.485,0,93,109,0,0,0,0,1
CT,15,-0.487,-0.487,0,133,145,0,0,1,1,1
AG,14,-0.485,-0.485,0,185,187,0,0,1,1,1
GAA,14,-0.485,-0.485,0,212,193,0,0,0,0,1
TC,20,-0.477,-0.477,0,123,120,0,0,1,1,1
TCGA,5,-0.476,-0.476,0,132,131,0,0,1,1,1
TCGA,5,-0.491,-0.491,0,142,141,0,0,1,1,1
GA,15,-0.487,-0.487,0,185,196,0,0,1,1,1
GATG,8,-0.485,-0.485,0,84,99,0,0,0,0,1
AG,14,-0.485,-0.485,0,434,435,0,0,0,0,2
TAAT,8,-0.477,-0.477,0,201,198,0,0,0,0,1
GCG,7,-0.477,-0.477,0,201,198,0,0,0,0,1
TC,16,-0.477,-0.477,0,390,382,0,0,1,1,2
TA,34,-0.476,-0.476,1,341,320,0,0,0,0,3
AG,13,-0.476,-0.476,1,341,320,0,0,0,0,3
TA,30,-0.494,-0.494,1,409,429,0,0,0,0,2
TG,16,-0.494,-0.494,1,409,429,0,0,0,0,2
AATC,7,-0.483,-0.483,0,164,176,0,0,1,1,1
CTAG,5,-0.494,-0.494,0,282,278,0,0,1,1,3
TA,10,-0.493,-0.493,0,520,521,0,0,1,1,2
CA,19,-0.493,-0.493,0,321,336,0,0,1,1,3
GT,13,-0.483,-0.483,0,163,164,0,0,1,1,1
TG,12,-0.488,-0.488,0,147,171,0,0,0,0,1
AG,10,-0.49,-0.49,0,279,268,0,0,1,1,3
TG,11,-0.495,-0.495,0,149,153,0,0,1,1,1
ATCT,16,-0.491,-0.491,0,88,133,0,0,1,1,1
AAG,8,-0.491,-0.491,0,166,167,0,0,1,1,1
TA,15,-0.477,-0.477,0,378,366,0,0,0,0,2
AG,12,-0.48,-0.48,0,262,263,0,0,1,1,3
CCG,7,-0.483,-0.483,0,185,184,0,0,1,1,1
CCA,7,-0.484,-0.484,0,347,352,0,0,1,1,2
CGG,9,-0.484,-0.484,0,347,352,0,0,1,1,2
CGC,7,-0.495,-0.495,0,146,151,0,0,1,1,1
AG,10,-0.492,-0.492,0,176,175,0,0,1,1,1
GCG,8,-0.49,-0.49,0,200,199,0,0,1,1,1
TC,10,-0.489,-0.489,0,186,187,0,0,1,1,1
TC,12,-0.49,-0.49,0,175,179,0,0,1,1,1
GCAT,5,-0.495,-0.495,1,88,91,0,0,1,1,1
CTC,11,-0.494,-0.494,0,268,284,0,0,1,1,3
CT,13,-0.494,-0.494,0,160,176,0,0,1,1,1
TGCG,5,-0.494,-0.494,0,125,124,0,0,1,1,1
CT,11,-0.492,-0.492,0,176,152,0,0,1,1,1
TA,11,-0.491,-0.491,0,282,262,0,0,1,1,3
AG,13,-0.49,-0.49,0,145,147,0,0,1,0,1
GAG,7,-0.481,-0.481,0,143,142,0,0,1,1,1
GA,15,-0.479,-0.479,0,124,135,0,0,1,1,1
GAG,8,-0.483,-0.483,0,134,136,0,0,1,1,1
CT,13,-0.49,-0.49,0,140,141,0,0,1,0,1
CT,14,-0.495,-0.495,1,90,96,0,0,1,1,1
CGG,7,-0.495,-0.495,0,272,265,0,0,1,0,3
CCG,7,-0.493,-0.493,0,182,181,0,0,1,1,1
CGC,7,-0.493,-0.493,0,187,186,0,0,1,1,1
CGG,7,-0.493,-0.493,0,209,215,0,0,1,1,3
TA,23,-0.492,-0.492,0,393,384,0,0,0,0,2
GA,23,-0.492,-0.492,0,179,188,0,0,1,1,1
TGCT,5,-0.495,-0.495,1,275,274,0,0,0,1,3
TAT,22,-0.488,-0.488,0,192,192,0,0,0,0,1
TC,14,-0.492,-0.492,0,113,113,0,0,1,1,1
CTGC,6,-0.487,-0.487,0,164,163,0,0,1,1,1
AG,17,-0.488,-0.488,0,193,190,0,0,1,1,1
AAT,22,-0.488,-0.488,0,173,172,0,0,0,0,1
TC,13,-0.495,-0.495,0,326,325,0,0,1,1,3
AGA,7,-0.491,-0.491,0,282,270,0,0,1,1,3
AG,14,-0.491,-0.491,1,367,358,0,0,1,1,2
GGC,7,-0.493,-0.493,0,114,113,0,0,1,1,1
TG,10,-0.493,-0.493,0,245,231,0,0,1,1,3
GA,44,-0.492,-0.492,0,100,150,0,0,1,1,1
CGC,8,-0.495,-0.495,0,381,391,0,0,1,1,2
TCAC,5,-0.495,-0.495,0,125,124,0,0,1,1,1
CT,16,-0.492,-0.492,0,185,186,0,0,1,1,1
AGAT,6,-0.494,-0.494,0,106,102,0,0,1,1,1
TA,14,-0.495,-0.495,0,167,141,0,0,1,0,1
TATC,6,-0.494,-0.494,0,79,74,0,0,1,1,1
CT,16,-0.492,-0.492,0,135,137,0,0,1,1,1
CCG,10,-0.485,-0.485,0,272,277,0,0,1,1,3
ATAC,15,-0.493,-0.493,0,406,441,0,0,1,1,2
AT,30,-0.493,-0.493,0,649,684,0,0,0,0,2
TA,24,-0.48,-0.48,0,283,283,0,0,1,1,3
ATT,8,-0.48,-0.48,0,283,283,0,0,1,1,3
GAA,9,-0.495,-0.495,0,457,456,0,0,1,1,2
TTC,8,-0.478,-0.478,0,201,201,0,0,1,1,1
TTTC,9,-0.483,-0.483,0,114,121,0,0,1,1,1
AGA,7,-0.488,-0.488,0,86,79,0,0,1,1,1
AAAG,6,-0.474,-0.474,0,185,184,0,0,1,1,1
TCGA,5,-0.48,-0.48,0,200,199,0,0,1,1,1
CGG,7,-0.481,-0.481,0,116,117,0,0,1,0,1
CGC,7,-0.481,-0.481,0,130,121,0,0,1,1,1
GCG,7,-0.483,-0.483,0,231,242,0,0,1,1,3
TG,30,-0.477,-0.477,0,120,167,0,0,1,1,1
TTC,8,-0.478,-0.478,0,200,199,0,0,1,1,1
AGAA,9,-0.483,-0.483,0,156,162,0,0,1,1,1
CTT,7,-0.488,-0.488,0,137,135,0,0,1,1,1
AG,12,-0.487,-0.487,1,211,190,0,0,1,1,1
CGC,7,-0.494,-0.494,0,187,186,0,0,1,1,1
ATG,9,-0.493,-0.493,0,220,195,0,0,1,1,1
GA,19,-0.493,-0.493,0,121,119,0,0,1,0,1
TGGC,5,-0.494,-0.494,0,166,165,0,0,1,1,1
TC,19,-0.493,-0.493,0,178,175,0,0,1,1,1
AT,39,-0.49,-0.49,1,432,391,0,0,0,0,2
GAA,9,-0.493,-0.493,0,187,186,0,0,1,1,1
CT,21,-0.493,-0.493,0,269,270,0,0,1,1,3
CTT,9,-0.493,-0.493,0,335,332,0,0,1,1,3
AG,10,-0.49,-0.49,0,344,344,0,0,1,1,3
CCA,7,-0.489,-0.489,0,337,336,0,0,1,1,3
TTTG,6,-0.488,-0.488,0,265,265,0,0,1,1,3
TTTG,6,-0.488,-0.488,1,157,160,0,0,1,0,1
CGC,8,-0.489,-0.489,0,191,188,0,0,1,1,1
CGC,8,-0.489,-0.489,0,259,255,0,0,1,1,3
AT,10,-0.489,-0.489,0,342,334,0,0,1,1,3
TCT,10,-0.493,-0.493,0,196,195,0,0,1,1,1
AT,13,-0.492,-0.492,0,361,352,0,0,1,1,2
TC,13,-0.493,-0.493,0,335,335,0,0,1,1,3
CTAT,5,-0.492,-0.492,0,361,352,0,0,1,1,2
CT,10,-0.493,-0.493,0,335,335,0,0,1,1,3
CT,10,-0.495,-0.495,0,256,255,0,0,1,1,3
AG,13,-0.493,-0.493,0,104,114,0,0,1,1,1
CT,15,-0.495,-0.495,0,110,116,0,0,1,1,1
TATC,5,-0.492,-0.492,0,194,193,0,0,1,1,1
CT,14,-0.492,-0.492,0,182,193,0,0,1,1,1
CA,12,-0.492,-0.492,0,182,193,0,0,1,1,1
CGG,7,-0.494,-0.494,0,281,295,0,0,0,0,3
AG,10,-0.487,-0.487,0,269,268,0,0,1,1,3
GGC,8,-0.487,-0.487,0,125,124,0,0,1,1,1
ATTA,5,-0.487,-0.487,0,298,297,0,0,1,1,3
CTAG,5,-0.494,-0.494,0,275,274,0,0,1,1,3
TA,22,-0.494,-0.494,0,409,443,0,0,0,0,2
TA,33,-0.494,-0.494,0,409,443,0,0,0,0,2
CATC,5,-0.476,-0.476,0,90,93,0,0,1,1,1
TC,19,-0.48,-0.48,0,272,287,0,0,1,1,3
CGG,7,-0.481,-0.481,0,275,275,0,0,1,0,3
GA,11,-0.482,-0.482,0,414,395,0,0,1,1,2
TTC,7,-0.483,-0.483,0,86,97,0,0,1,1,1
AT,12,-0.485,-0.485,0,303,317,0,0,0,0,3
CCG,7,-0.486,-0.486,0,231,242,0,0,1,1,3
AAT,25,-0.49,-0.49,0,155,167,0,0,1,1,1
GA,16,-0.49,-0.49,0,152,151,0,0,1,1,1
AT,20,-0.489,-0.489,0,646,649,0,0,1,1,2
TA,10,-0.488,-0.488,0,130,129,0,0,0,0,1
GCGT,5,-0.484,-0.484,1,114,112,0,0,0,1,1
CCA,7,-0.493,-0.493,1,346,345,0,0,1,1,2
GCT,11,-0.49,-0.49,0,166,174,0,0,1,1,1
AG,14,-0.482,-0.482,0,173,176,0,0,1,1,1
AAG,7,-0.482,-0.482,0,92,91,0,0,1,1,1
AT,45,-0.485,-0.485,0,246,237,0,0,0,0,3
AG,10,-0.495,-0.495,0,171,160,0,0,1,1,1
CTGC,6,-0.486,-0.486,0,138,133,0,0,1,1,1
CCG,7,-0.493,-0.493,0,97,99,0,0,1,1,1
GAT,7,-0.493,-0.493,0,86,73,0,0,1,1,1
ACC,7,-0.476,-0.476,0,624,623,0,0,1,1,2
CGG,7,-0.476,-0.476,0,683,682,0,0,1,1,2
GT,18,-0.477,-0.477,0,88,99,0,0,1,1,1
TA,15,-0.48,-0.48,0,463,491,0,0,1,1,2
TCC,7,-0.483,-0.483,0,114,124,0,0,1,1,1
CT,11,-0.489,-0.489,0,194,183,0,0,1,1,1
AGCC,5,-0.489,-0.489,1,291,288,0,0,0,0,3
AT,10,-0.495,-0.495,0,369,368,0,0,0,0,2
TGCC,6,-0.49,-0.49,0,165,164,0,0,1,1,1
