chromosome,marker,motif,occurrence,start_n,end_n,mismatch,hr12,ref,npb,93_11,tetep,tadukan
Chr1_HR12,RM5646,AAG,15,2.175,2.175,1,59,101,0,0,1,1
Chr1_HR12,RM6875,TGG,9,2.339,2.339,1,138,141,0,0,1,1
Chr1_HR12,RM6666,TAA,8,3.162,3.162,1,166,157,0,0,1,1
Chr1_HR12,RM8130,GT,31,2.411,2.411,1,320,291,0,0,0,0
Chr1_HR12,RM8130,AT,30,2.411,2.411,1,320,291,0,0,0,0
Chr1_HR12,RM7202,ATAG,8,2.541,2.541,1,153,157,0,0,1,1
Chr1_HR12,RM3825,GA,21,3.697,3.697,1,157,147,0,0,1,1
Chr1_HR12,RM3196,CT,12,3.172,3.172,1,200,198,0,0,1,1
Chr1_HR12,RM6463,GCC,8,-0.009,-0.009,1,188,193,0,0,1,1
Chr1_HR12,RM10226,AG,17,-0.071,-0.071,1,341,342,0,0,1,1
Chr1_HR12,RM10256,GA,11,-0.02,-0.02,1,295,294,0,0,1,1
Chr1_HR12,RM10328,TTCT,6,0.112,0.112,1,260,258,0,0,0,0
Chr1_HR12,RM10331,TCC,8,0.116,0.116,1,222,221,0,0,1,0
Chr1_HR12,RM10487,AG,10,0.361,0.361,1,272,267,0,0,1,1
Chr1_HR12,RM10572,AATA,5,0.516,0.516,1,193,193,0,0,1,1
Chr1_HR12,RM10574,CTC,7,0.519,0.519,1,259,258,0,0,1,1
Chr1_HR12,RM10607,GGA,7,0.597,0.597,1,281,280,0,0,1,1
Chr1_HR12,RM10718,CT,10,0.792,0.792,1,94,93,0,0,1,1
Chr1_HR12,RM10926,GA,10,1.256,1.255,1,148,147,0,0,1,0
Chr1_HR12,RM11039,TA,10,1.689,1.689,1,481,462,0,0,0,0
Chr1_HR12,RM11044,TATC,5,1.7,1.7,1,285,264,0,0,1,1
Chr1_HR12,RM11250,TATC,7,2.156,2.156,1,396,405,0,0,1,1
Chr1_HR12,RM11361,CT,15,2.4,2.4,1,241,250,0,0,1,1
Chr1_HR12,RM11429,CGC,7,2.547,2.547,1,210,185,0,0,1,1
Chr1_HR12,RM11730,TTCT,5,3.292,3.292,1,86,85,0,0,1,1
Chr1_HR12,RM11841,TA,27,3.595,3.595,1,401,366,0,0,0,0
Chr1_HR12,RM11864,AT,14,3.663,3.664,1,496,459,0,0,0,0
Chr1_HR12,RM11875,CT,10,3.702,3.702,1,184,191,0,0,1,1
Chr1_HR12,RM11980,CCT,8,3.933,3.933,1,401,382,0,0,1,0
Chr1_HR12,RM12176,AT,16,4.307,4.307,1,335,295,0,0,0,0
Chr1_HR12,RM12208,TGC,7,4.38,4.38,1,92,98,0,0,1,0
Chr1_HR12,RM12221,TGA,7,4.406,4.406,1,157,156,0,0,0,1
Chr1_HR12,RM19419,CT,37,0.417,0.417,1,143,172,0,0,1,1
Chr1_HR12,AUT10263,GCC,8,-0.009,-0.009,1,215,219,0,0,1,1
Chr1_HR12,AUT10715,TA,16,0.78,0.78,1,467,459,0,0,0,0
Chr1_HR12,AUT11272,TA,31,2.201,2.201,1,295,264,0,0,0,0
Chr1_HR12,AUT13066,CCT,8,0.081,0.081,1,258,260,0,0,1,0
Chr1_HR12,RGNMS144,TCT,12,1.193,1.193,1,363,364,0,0,0,1
Chr1_HR12,RGNMS148,TC,20,1.182,1.182,1,375,378,0,0,1,1
Chr1_HR12,RGNMS234,CATTTC,7,1.31,1.31,1,192,226,0,0,1,1
Chr1_HR12,RGNMS345a,TC,15,2.319,2.319,1,316,316,0,0,1,1
Chr1_HR12,RGNMS348,TTCT,5,0.777,0.777,1,193,193,0,0,1,1
Chr1_HR12,RGNMS386a,AGA,15,2.175,2.175,1,319,355,0,0,1,1
Chr1_HR12,RGNMS460,CTC,7,-0.352,-0.352,1,177,177,0,0,1,1
Chr1_HR12,RGNMS1055,TC,12,1.31,1.31,1,192,226,0,0,1,1
Chr1_HR12,RGNMS1099,TG,11,1.192,1.192,1,141,135,0,0,1,0
Chr1_HR12,RGNMS1151b,TA,11,1.193,1.193,1,363,364,0,0,0,1
Chr1_HR12,RGNMS1207,GT,11,1.193,1.193,1,392,349,0,0,0,0
Chr1_HR12,RGNMS1352b,AAAG,5,3.01,3.01,1,361,349,0,0,0,0
Chr1_HR12,RGNMS1372,AT,12,1.182,1.182,1,375,378,0,0,1,1
Chr1_HR12,RGNMS1545,GA,10,1.31,1.31,1,192,226,0,0,1,1
Chr1_HR12,RGNMS1630,AG,10,1.182,1.182,1,375,378,0,0,1,1
Chr1_HR12,RGNMS2172,CT,16,0.419,0.419,1,334,329,0,0,1,1
Chr1_HR12,RM6392,GAC,8,0.936,0.936,2,111,118,0,0,1,1
Chr1_HR12,RM10800,CTC,7,0.971,0.971,2,127,143,0,0,1,1
Chr1_HR12,RM10801,CT,12,0.971,0.971,2,126,142,0,0,1,1
Chr1_HR12,RM11088,GATT,5,2.097,2.097,2,263,266,0,0,0,0
Chr1_HR12,RM11444,TA,15,2.581,2.581,2,564,537,0,0,0,0
Chr1_HR12,RM17888,GGC,9,1.925,1.925,2,194,205,0,0,1,1
Chr1_HR12,RM19979,GAA,7,1.883,1.883,2,165,170,0,0,1,1
Chr1_HR12,AUT11648,AGA,9,3.045,3.045,2,89,94,0,0,1,1
Chr1_HR12,RGNMS7b,CGC,7,0.746,0.746,2,356,338,0,0,1,1
Chr1_HR12,RGNMS318,CATC,6,0.929,0.929,2,323,311,0,0,0,0
Chr1_HR12,RGNMS469,TCTT,5,1.086,1.086,2,108,108,0,0,0,0
Chr1_HR12,RGNMS541b,GAG,7,0.129,0.129,2,349,397,0,0,0,0
Chr1_HR12,RGNMS2243,TC,16,4.358,4.358,2,387,388,0,0,1,1
Chr10_HR12,RM8138,TA,30,0.151,0.151,0,110,149,0,0,1,1
Chr10_HR12,RM7473,TAGA,13,1.291,1.291,1,148,188,0,0,1,1
Chr10_HR12,RM10312,CT,10,0.683,0.683,1,356,365,0,0,0,0
Chr10_HR12,RM25112,AT,41,0.021,0.021,1,636,653,0,0,0,0
Chr10_HR12,RM25113,TG,10,0.021,0.021,1,596,613,0,0,0,0
Chr10_HR12,RGNMS528,CCT,8,1.261,1.261,1,400,400,0,0,0,0
Chr10_HR12,RGNMS2185,ATA,14,0.201,0.201,1,381,382,0,0,1,1
Chr10_HR12,RM8005,AT,17,0.572,0.572,2,88,104,0,0,1,1
Chr10_HR12,RM5439,TC,17,0.107,0.107,2,147,172,0,0,1,1
Chr11_HR12,RM11558,GT,11,1.894,1.894,0,91,92,0,0,1,1
Chr11_HR12,RM11982,CCT,8,1.884,1.884,0,208,194,0,0,1,1
Chr11_HR12,RM11984,GCG,7,1.881,1.881,0,146,145,0,0,1,1
Chr12_HR12,RM10009,AG,31,1.472,1.472,0,282,289,0,0,1,1
Chr12_HR12,RGNMS127,TA,14,1.559,1.559,0,414,392,0,0,1,1
Chr12_HR12,RGNMS212,TA,43,1.473,1.473,0,155,158,0,0,1,1
Chr12_HR12,RGNMS3802,CGG,7,-0.221,-0.221,1,354,348,0,0,0,0
Chr12_HR12,RM15573,GT,13,0.512,0.513,2,624,662,0,0,1,1
Chr2_HR12,RM3495,CT,24,-0.141,-0.141,0,156,179,0,0,1,1
Chr2_HR12,RM7215,ATAG,10,0.061,0.061,0,102,110,0,0,1,1
Chr2_HR12,RM5356,TC,13,0.574,0.574,0,146,152,0,0,1,1
Chr2_HR12,RM6611,GGC,9,1.64,1.64,0,135,144,0,0,1,1
Chr2_HR12,RM1234,AG,15,0.811,0.811,0,139,141,0,0,1,1
Chr2_HR12,RM6247,CTC,8,0.206,0.206,0,103,103,0,0,1,1
Chr2_HR12,RM6137,CGC,9,3.613,3.613,0,156,168,0,0,1,1
Chr2_HR12,RM3858,GA,26,1.811,1.811,0,110,132,0,0,1,0
Chr2_HR12,RM5897,ATT,15,0.297,0.297,0,147,141,0,0,1,1
Chr2_HR12,RM3828,GA,21,0.389,0.389,0,192,180,0,0,1,1
Chr2_HR12,RM6230,CGT,8,0.12,0.12,0,156,158,0,0,1,1
Chr2_HR12,RM1347,AG,23,0.139,0.139,0,103,119,0,0,1,1
Chr2_HR12,RM5764,AGA,8,-0.295,-0.295,0,114,114,0,0,1,0
Chr2_HR12,RM3501,CT,25,0.673,0.673,0,194,218,0,0,1,1
Chr2_HR12,RM6367,GAA,14,-0.343,-0.343,0,202,202,0,0,1,1
Chr2_HR12,RM7562,TCCA,7,-0.257,-0.257,0,167,155,0,0,1,1
Chr2_HR12,RM7451,TAAT,8,-0.402,-0.402,0,150,154,0,0,1,1
Chr2_HR12,RM5529,TG,13,-0.209,-0.209,0,157,167,0,0,1,1
Chr2_HR12,RM8080,CTT,5,0.122,0.122,0,114,114,0,0,1,1
Chr2_HR12,RM8080,AGA,4,0.122,0.122,0,114,114,0,0,1,1
Chr2_HR12,RM7033,AAAT,10,-0.285,-0.285,0,142,142,0,0,1,1
Chr2_HR12,RM6933,TTA,22,2.906,2.906,0,188,215,0,0,1,1
Chr2_HR12,RM6023,CCG,8,2.016,2.016,0,205,214,0,0,1,0
Chr2_HR12,RM1342,AG,22,2.763,2.763,0,123,145,0,0,1,0
Chr2_HR12,RM6942,TTA,44,1.598,1.598,0,271,271,0,0,0,0
Chr2_HR12,RM6295,TCT,9,2.923,2.923,0,136,129,0,0,1,1
Chr2_HR12,RM6151,CGC,9,-0.247,-0.247,0,169,169,0,0,1,1
Chr2_HR12,RM3340,CT,15,-0.438,-0.438,0,117,117,0,0,1,1
Chr2_HR12,RM7622,TGTT,6,-0.45,-0.45,0,152,152,0,0,1,1
Chr2_HR12,RM3390,CT,16,0.392,0.392,0,106,106,0,0,1,0
Chr2_HR12,RM5340,TC,12,0.371,0.371,0,171,157,0,0,1,1
Chr2_HR12,RM3294,CT,14,0.12,0.12,0,208,212,0,0,1,0
Chr2_HR12,RM7144,ATAC,7,0.515,0.515,0,118,118,0,0,1,1
Chr2_HR12,RM5101,TA,35,1.667,1.667,0,115,161,0,0,0,0
Chr2_HR12,RM6509,GCG,8,1.831,1.831,0,149,149,0,0,1,1
Chr2_HR12,RM6800,TCT,8,-0.441,-0.441,0,158,158,0,0,1,1
Chr2_HR12,RM5664,AAT,9,0.15,0.15,0,76,82,0,0,1,1
Chr2_HR12,RM5791,AGC,8,0.741,0.741,0,97,103,0,0,1,1
Chr2_HR12,RM3762,GA,18,2.185,2.185,0,90,102,0,0,1,1
Chr2_HR12,RM5422,TC,16,-0.242,-0.242,0,185,173,0,0,1,1
Chr2_HR12,RM3096,AT,49,-0.146,-0.146,0,165,199,0,0,0,0
Chr2_HR12,RM10007,CTC,7,3.549,3.549,0,89,88,0,0,1,1
Chr2_HR12,RM11589,GA,10,0.594,0.594,0,582,584,0,0,1,1
Chr2_HR12,AUT11035,TC,16,-0.242,-0.242,0,353,340,0,0,1,1
Chr2_HR12,RGNMS168c,TATT,5,-0.229,-0.229,0,235,235,0,0,1,1
Chr2_HR12,RGNMS204,TC,16,-0.242,-0.242,0,328,311,0,0,1,1
Chr2_HR12,RGNMS210,AT,43,3.549,3.549,0,343,343,0,0,1,1
Chr2_HR12,RGNMS435a,AT,44,3.55,3.55,0,189,189,0,0,1,1
Chr2_HR12,RGNMS553,TGG,8,0.11,0.11,0,376,364,0,0,0,0
Chr2_HR12,RM6366,AGA,14,2.616,2.616,1,158,145,0,0,1,0
Chr2_HR12,RM3505,CT,25,0.379,0.379,1,163,160,0,0,1,1
Chr2_HR12,RM6748,TAT,18,-0.02,-0.02,1,127,161,0,0,1,1
Chr2_HR12,RM4949,TA,30,0.067,0.067,1,144,189,0,0,1,1
Chr2_HR12,RM1106,AG,12,0.242,0.242,1,202,194,0,0,0,0
Chr2_HR12,RM3763,GA,18,2.731,2.731,1,160,154,0,0,1,1
Chr2_HR12,RM6844,TCT,30,1.668,1.668,1,170,209,0,0,1,1
Chr2_HR12,RM7252,ATCT,6,-0.468,-0.468,1,165,165,0,0,1,1
Chr2_HR12,RM11036,CCA,7,-0.241,-0.241,1,399,386,0,0,1,1
Chr2_HR12,RM13257,GCG,7,1.66,1.66,1,171,170,0,0,1,1
Chr2_HR12,RM12329,GA,15,-0.411,-0.411,1,240,239,0,0,1,1
Chr2_HR12,RM12498,TTTC,5,-0.106,-0.106,1,200,199,0,0,1,1
Chr2_HR12,RM12632,TA,40,0.104,0.104,1,496,472,0,0,0,0
Chr2_HR12,RM12746,AGC,8,0.324,0.324,1,432,431,0,0,1,0
Chr2_HR12,RM12849,AT,12,0.495,0.495,1,276,285,0,0,1,1
Chr2_HR12,RM13154,ATA,34,1.31,1.31,1,428,466,0,0,0,0
Chr2_HR12,RM13192,CTC,7,1.45,1.45,1,606,558,0,0,0,0
Chr2_HR12,RM13208,CAG,7,1.497,1.497,1,288,287,0,0,1,1
Chr2_HR12,RM13209,TA,31,1.494,1.494,1,251,284,0,0,1,1
Chr2_HR12,RM13223,AAT,22,1.538,1.538,1,417,428,0,0,1,1
Chr2_HR12,RM13302,GGA,8,1.754,1.754,1,218,218,0,0,1,0
Chr2_HR12,RM13576,GA,11,2.312,2.312,1,193,170,0,0,1,1
Chr2_HR12,RM13601,TC,11,2.366,2.366,1,340,350,0,0,0,0
Chr2_HR12,RM13616,TTA,22,2.421,2.421,1,462,452,0,0,1,1
Chr2_HR12,RM13619,AT,24,2.428,2.428,1,410,389,0,0,0,0
Chr2_HR12,RM13790,AC,10,2.76,2.76,1,439,416,0,0,1,0
Chr2_HR12,RM13943,AG,11,3.091,3.091,1,148,145,0,0,1,1
Chr2_HR12,RM13976,AT,17,3.188,3.188,1,350,332,0,0,1,0
Chr2_HR12,RM14017,GA,13,3.291,3.291,1,363,367,0,0,1,1
Chr2_HR12,RM14068,TC,12,3.393,3.393,1,331,362,0,0,0,0
Chr2_HR12,RM14080,CTG,7,3.404,3.404,1,167,163,0,0,1,1
Chr2_HR12,AUT13238,ATA,49,1.598,1.598,1,375,389,0,0,0,0
Chr2_HR12,AUT13781,GA,18,2.731,2.731,1,200,193,0,0,1,1
Chr2_HR12,MRG2495.RGP2495,CT,24,-0.141,-0.141,1,127,151,0,0,0,0
Chr2_HR12,MRG4578.RT4578,TG,21,1.729,1.729,1,155,193,0,0,1,1
Chr2_HR12,MRG5379.HAU5379,GAA,22,2.293,2.293,1,182,230,0,0,0,0
Chr2_HR12,AUT12312,ATCT,6,-0.468,-0.468,1,144,143,0,0,1,1
Chr2_HR12,AUT12786,AT,35,0.372,0.372,1,368,349,0,0,0,0
Chr2_HR12,AUT12787,TA,10,0.372,0.372,1,368,349,0,0,0,0
Chr2_HR12,AUT12925,GAA,18,0.591,0.591,1,177,159,0,0,1,1
Chr2_HR12,AUT13710,CA,34,2.564,2.564,1,539,556,0,0,0,0
Chr2_HR12,AUT13711,AT,21,2.564,2.564,1,539,556,0,0,0,0
Chr2_HR12,AUT13719,AATT,5,2.576,2.576,1,382,361,0,0,1,1
Chr2_HR12,AUT13799,GCC,8,2.786,2.786,1,146,145,0,0,1,1
Chr2_HR12,AUT19669,AGAT,7,0.606,0.606,1,315,344,0,0,0,0
Chr2_HR12,RGNMS538,CGG,7,3.393,3.393,1,349,375,0,0,1,1
Chr2_HR12,RGNMS568b,TTC,8,-0.397,-0.397,1,344,335,0,0,0,0
Chr2_HR12,RGNMS634,CGG,8,2.292,2.293,1,392,382,0,0,1,1
Chr2_HR12,RGNMS665,AGAT,6,-0.404,-0.404,1,367,365,0,0,1,1
Chr2_HR12,RM6616,GGC,9,-0.141,-0.141,2,71,95,0,0,1,1
Chr2_HR12,RM12776,AT,11,0.358,0.358,2,204,213,0,0,0,1
Chr2_HR12,RM13406,AGA,7,1.993,1.993,2,269,265,0,0,1,0
Chr2_HR12,RM13941,TA,10,3.09,3.09,2,349,360,0,0,0,0
Chr2_HR12,RM14063,GCT,7,3.375,3.375,2,522,513,0,0,1,0
Chr3_HR12,RM6186,CGG,8,0.688,0.688,0,119,122,0,0,1,1
Chr3_HR12,RM4321,TA,17,0.67,0.67,0,120,119,0,0,1,1
Chr3_HR12,RM6654,GTG,8,0.721,0.721,0,102,102,0,0,1,1
Chr3_HR12,RM7086,AGAC,7,0.687,0.687,0,136,140,0,0,1,1
Chr3_HR12,RM1360,AG,25,0.683,0.683,0,126,154,0,0,1,1
Chr3_HR12,RM10283,GCAG,5,0.121,0.121,0,195,198,0,0,1,1
Chr3_HR12,RM10284,AG,16,0.12,0.12,0,223,220,0,0,1,1
Chr3_HR12,RM10368,AACC,5,0.683,0.683,0,100,99,0,0,1,1
Chr3_HR12,RM10369,GCC,7,0.683,0.683,0,184,183,0,0,1,1
Chr3_HR12,RM10575,CGG,8,0.662,0.662,0,256,273,0,0,1,1
Chr3_HR12,RM11115,AT,22,1.371,1.371,0,218,197,0,0,0,0
Chr3_HR12,RM11379,CCT,7,3.74,3.74,0,308,299,0,0,1,1
Chr3_HR12,RM12237,GCC,7,3.139,3.139,0,117,116,0,0,1,1
Chr3_HR12,RM13477,GGA,7,-0.016,-0.016,0,132,129,0,0,1,1
Chr3_HR12,RM15607,AT,12,2.512,2.512,0,162,137,0,0,0,0
Chr3_HR12,AUT10363,GCC,8,0.688,0.688,0,182,184,0,0,1,1
Chr3_HR12,AUT10367,TC,26,0.683,0.683,0,264,293,0,0,1,1
Chr3_HR12,AUT10576,GA,12,0.925,0.925,0,177,176,0,0,1,1
Chr3_HR12,AUT10954,TC,11,0.237,0.237,0,277,274,0,0,1,1
Chr3_HR12,AUT12608,GTG,8,0.721,0.721,0,94,93,0,0,1,1
Chr3_HR12,RGNMS12,TTCA,5,0.683,0.683,0,241,241,0,0,1,1
Chr3_HR12,RGNMS112,TTAA,5,0.123,0.123,0,185,185,0,0,1,1
Chr3_HR12,RGNMS200b,CCG,7,3.773,3.773,0,188,188,0,0,1,1
Chr3_HR12,RGNMS258,GA,10,0.123,0.123,0,185,185,0,0,1,1
Chr3_HR12,RGNMS273,GCC,7,0.122,0.122,0,259,255,0,0,1,1
Chr3_HR12,RM6038,CCG,9,0.201,0.201,1,145,151,0,0,1,1
Chr3_HR12,RM8007,AT,40,1.687,1.687,1,163,178,0,0,0,0
Chr3_HR12,RM3278,CT,13,0.56,0.56,1,187,185,0,0,1,1
Chr3_HR12,RM5347,TC,13,0.225,0.225,1,190,201,0,0,1,1
Chr3_HR12,RM3199,CT,12,3.104,3.104,1,180,192,0,0,1,1
Chr3_HR12,RM15290,CT,10,1.726,1.726,1,175,170,0,0,1,0
Chr3_HR12,RM14516,TA,10,0.027,0.027,1,252,216,0,0,0,0
Chr3_HR12,RM14792,CGC,7,0.688,0.688,1,285,293,0,0,1,1
Chr3_HR12,RM14902,GTTT,6,0.941,0.941,1,97,99,0,0,1,0
Chr3_HR12,RM15093,CT,12,1.28,1.28,1,190,199,0,0,1,1
Chr3_HR12,RM15158,CCTC,5,1.345,1.345,1,204,193,0,0,1,1
Chr3_HR12,RM15192,TCT,7,1.419,1.419,1,74,82,0,0,1,1
Chr3_HR12,RM15194,CCG,8,1.425,1.425,1,436,424,0,0,0,0
Chr3_HR12,RM15195,GCC,7,1.425,1.425,1,436,424,0,0,0,0
Chr3_HR12,RM15204,AT,28,1.443,1.443,1,416,458,0,0,1,1
Chr3_HR12,RM15214,CT,10,1.485,1.485,1,199,167,0,0,0,0
Chr3_HR12,RM15324,CGC,7,1.91,1.91,1,440,445,0,0,1,1
Chr3_HR12,RM15466,TA,51,2.265,2.265,1,168,209,0,0,0,0
Chr3_HR12,RM15516,AT,24,2.351,2.351,1,350,348,0,0,0,0
Chr3_HR12,RM15652,GAT,17,2.644,2.644,1,333,323,0,0,1,1
Chr3_HR12,RM15679,CA,59,2.696,2.696,1,391,391,0,0,0,0
Chr3_HR12,RM15680,AT,26,2.696,2.696,1,391,391,0,0,0,0
Chr3_HR12,RM15685,GGC,7,2.716,2.716,1,464,464,0,0,1,1
Chr3_HR12,RM15733,GT,10,2.793,2.793,1,171,154,0,0,1,0
Chr3_HR12,RM15836,CGTT,5,2.985,2.985,1,185,184,0,0,1,1
Chr3_HR12,RM15844,TC,16,3,3,1,211,192,0,0,1,0
Chr3_HR12,RM15845,CGCT,5,3,3,1,211,192,0,0,1,0
Chr3_HR12,RM15891,CCG,7,3.099,3.099,1,388,390,0,0,1,1
Chr3_HR12,RM16004,CGC,7,3.292,3.292,1,126,114,0,0,1,1
Chr3_HR12,RM16007,CCT,7,3.303,3.303,1,430,402,0,0,0,0
Chr3_HR12,RM16132,CGC,7,3.564,3.564,1,290,281,0,0,1,1
Chr3_HR12,RM16203,CT,11,3.723,3.723,1,147,143,0,0,1,1
Chr3_HR12,RM16217,AT,13,3.75,3.75,1,161,177,0,0,1,1
Chr3_HR12,RM19458,TA,23,0.922,0.922,1,532,539,0,0,0,0
Chr3_HR12,AUT15365,TC,15,2.049,2.05,1,351,356,0,0,1,1
Chr3_HR12,MRG4928.RGP4928,ATT,34,0.948,0.948,1,237,267,0,0,0,0
Chr3_HR12,AUT14344,CTT,8,-0.285,-0.285,1,178,174,0,0,1,1
Chr3_HR12,AUT15198,GATG,6,1.435,1.434,1,234,233,0,0,1,1
Chr3_HR12,AUT16025,CT,16,3.343,3.343,1,401,403,0,0,1,1
Chr3_HR12,AUT21280,AT,13,1.687,1.687,1,195,155,0,0,0,0
Chr3_HR12,RGNMS1002,GT,14,-0.423,-0.423,1,354,354,0,0,1,1
Chr3_HR12,RGNMS1017,CCACGC,5,-0.141,-0.141,1,203,212,0,0,1,1
Chr3_HR12,RGNMS1024,CCT,7,2.971,2.971,1,318,310,0,0,1,1
Chr3_HR12,RGNMS1221a,TA,31,1.349,1.349,1,402,395,0,0,0,1
Chr3_HR12,RGNMS1245,TA,13,1.898,1.898,1,118,118,0,0,1,1
Chr3_HR12,RGNMS1279,TCTTT,6,-0.457,-0.457,1,214,214,0,0,0,0
Chr3_HR12,RGNMS1291,CGC,8,3.104,3.104,1,94,105,0,0,1,1
Chr3_HR12,RGNMS1299,GA,11,1.419,1.419,1,101,109,0,0,1,1
Chr3_HR12,RGNMS1356b,CGG,7,3.183,3.183,1,282,279,0,0,1,1
Chr3_HR12,RGNMS1391,ACCAA,6,-0.457,-0.457,1,214,214,0,0,0,0
Chr3_HR12,RGNMS1397,GAG,7,1.431,1.431,1,237,219,0,0,1,1
Chr3_HR12,RGNMS1407,CT,15,1.999,1.999,1,239,263,0,0,1,1
Chr3_HR12,RGNMS1540,CT,11,3.445,3.445,1,369,377,0,0,1,1
Chr3_HR12,RGNMS1636,CT,20,3.445,3.445,1,369,377,0,0,1,1
Chr3_HR12,RGNMS1174,TTC,10,-0.457,-0.457,2,341,339,0,0,0,0
Chr3_HR12,RGNMS1331b,GCCAC,6,-0.457,-0.457,2,341,337,0,0,0,0
Chr4_HR12,RM4266,TA,16,0.284,0.284,0,108,128,0,0,1,1
Chr4_HR12,RM5981,CCA,8,-0.156,-0.156,0,141,145,0,0,1,1
Chr4_HR12,RM10643,TCC,7,0.922,0.922,0,159,158,0,0,1,1
Chr4_HR12,RM12831,GCC,7,1.941,1.941,0,387,387,0,0,1,0
Chr4_HR12,RGNMS256,ATTT,5,0.922,0.922,0,277,277,0,0,1,1
Chr4_HR12,RGNMS275,ATAG,5,0.922,0.922,0,277,277,0,0,1,1
Chr4_HR12,RGNMS733,CTCC,6,2.722,2.722,0,247,247,0,0,1,1
Chr4_HR12,RM6255,CTC,8,2.701,2.701,1,146,145,0,0,1,1
Chr4_HR12,RM6992,TTG,8,2.563,2.563,1,214,211,0,0,1,1
Chr4_HR12,RM5700,AAT,20,0.839,0.839,1,262,228,0,0,1,1
Chr4_HR12,RM6770,TCC,8,-0.202,-0.202,1,158,158,0,0,0,0
Chr4_HR12,RM1205,AG,14,1.353,1.353,1,119,121,0,0,1,1
Chr4_HR12,RM2636,AT,31,2.29,2.29,1,171,205,0,0,1,0
Chr4_HR12,RM18159,CGG,7,3.029,3.029,1,68,67,0,0,1,0
Chr4_HR12,RM20338,TAG,7,2.284,2.284,1,368,372,0,0,1,0
Chr4_HR12,MRG4714.RGP4714,AAT,28,2.228,2.228,1,160,203,0,0,1,1
Chr4_HR12,RGNMS1461,TTA,7,2.483,2.483,1,285,267,0,0,1,0
Chr4_HR12,RGNMS1463,TA,29,-0.487,-0.487,1,266,262,0,0,1,1
Chr4_HR12,RGNMS1486,TA,27,1.626,1.626,1,104,126,0,0,1,1
Chr4_HR12,RGNMS1497,CATCC,5,-0.487,-0.487,1,266,262,0,0,1,1
Chr4_HR12,RGNMS1514,ATA,12,2.483,2.483,1,285,267,0,0,1,0
Chr4_HR12,RM6314,CTT,11,1.285,1.285,2,142,169,0,0,1,1
Chr4_HR12,RM11260,AT,10,0.154,0.154,2,242,239,0,0,1,0
Chr5_HR12,RM6641,GTA,14,2.292,2.292,0,136,160,0,0,1,1
Chr5_HR12,RM7271,ATCT,8,2.417,2.417,0,195,215,0,0,1,1
Chr5_HR12,RM6112,CGC,8,2.292,2.292,0,148,152,0,0,1,1
Chr5_HR12,RM5477,TC,21,2.085,2.085,0,137,150,0,0,1,1
Chr5_HR12,RM3652,GA,14,1.713,1.713,0,105,107,0,0,1,1
Chr5_HR12,RM5643,AAG,15,0.67,0.67,0,177,183,0,0,1,1
Chr5_HR12,RM3441,CT,19,2.081,2.081,0,115,125,0,0,1,1
Chr5_HR12,RM10406,CT,15,-0.063,-0.063,0,247,246,0,0,1,0
Chr5_HR12,RM10408,CCT,10,-0.062,-0.062,0,372,385,0,0,1,0
Chr5_HR12,RM11326,AAAT,5,1.337,1.337,0,368,371,0,0,1,1
Chr5_HR12,RM13080,TCGA,5,2.711,2.711,0,69,68,0,0,1,1
Chr5_HR12,RM13081,ACG,8,2.709,2.709,0,272,271,0,0,1,1
Chr5_HR12,RM14067,ATGC,5,2.152,2.152,0,268,271,0,0,1,1
Chr5_HR12,RM14612,TG,10,2.087,2.087,0,178,187,0,0,1,1
Chr5_HR12,RM14616,CT,10,2.082,2.082,0,107,95,0,0,1,1
Chr5_HR12,AUT12596,CTA,14,2.292,2.292,0,134,157,0,0,1,1
Chr5_HR12,AUT14212,TCT,15,0.67,0.67,0,178,183,0,0,1,1
Chr5_HR12,RGNMS106a,AT,24,1.032,1.032,0,380,393,0,0,1,1
Chr5_HR12,RGNMS1148,CTT,8,1.032,1.032,0,380,393,0,0,1,1
Chr5_HR12,RM6742,TAT,22,1.065,1.065,1,172,178,0,0,1,0
Chr5_HR12,RM1024,AC,13,-0.363,-0.363,1,131,141,0,0,1,0
Chr5_HR12,RM1366,AG,26,-0.192,-0.192,1,146,156,0,0,1,0
Chr5_HR12,RM5948,CAC,8,1.499,1.499,1,144,141,0,0,1,1
Chr5_HR12,RM19149,GTG,7,2.605,2.605,1,111,110,0,0,1,1
Chr5_HR12,RM17735,AT,30,-0.465,-0.465,1,302,271,0,0,0,0
Chr5_HR12,RM17847,GA,19,-0.296,-0.296,1,82,98,0,0,1,1
Chr5_HR12,RM17916,TA,49,-0.184,-0.184,1,478,501,0,0,0,0
Chr5_HR12,RM18202,TCTT,5,0.528,0.528,1,195,198,0,0,1,1
Chr5_HR12,RM18326,GGC,7,0.879,0.879,1,181,186,0,0,1,1
Chr5_HR12,RM18360,TC,19,0.979,0.979,1,155,156,0,0,1,1
Chr5_HR12,RM18448,TA,25,1.212,1.212,1,137,166,0,0,0,0
Chr5_HR12,RM18518,TCGA,5,1.365,1.365,1,251,250,0,0,1,1
Chr5_HR12,RM18551,GA,18,1.397,1.397,1,93,100,0,0,1,1
Chr5_HR12,RM19153,CCG,7,2.615,2.615,1,502,487,0,0,1,0
Chr5_HR12,AUT17757,TC,13,-0.443,-0.443,1,102,99,0,0,1,1
Chr5_HR12,AUT17752,TAT,18,-0.449,-0.449,1,338,358,0,0,1,1
Chr5_HR12,AUT17758,CGG,8,-0.437,-0.437,1,89,88,0,0,1,1
Chr5_HR12,AUT17896,TAT,26,-0.199,-0.199,1,236,196,0,0,1,1
Chr5_HR12,AUT18197,AAAG,7,0.521,0.521,1,145,148,0,0,1,1
Chr5_HR12,AUT18594,GTG,8,1.499,1.499,1,149,145,0,0,0,0
Chr5_HR12,AUT18637,TC,15,1.578,1.578,1,177,190,0,0,1,1
Chr5_HR12,AUT22144,CT,25,2.366,2.366,1,269,275,0,0,1,1
Chr5_HR12,RGNMS365,TA,14,0.958,0.958,1,350,372,0,0,1,1
Chr5_HR12,RGNMS915,TTTA,5,1.131,1.131,1,299,307,0,0,1,1
Chr5_HR12,RGNMS1880,CCT,7,0.81,0.81,1,395,388,0,0,1,1
Chr5_HR12,RGNMS1955,AC,17,1.402,1.402,1,242,238,0,0,1,1
Chr5_HR12,RGNMS1957,AT,15,0.977,0.977,1,248,244,0,0,1,1
Chr5_HR12,RGNMS1970,TATT,7,1.402,1.402,1,242,238,0,0,1,1
Chr5_HR12,RGNMS2030,TA,41,2.465,2.465,1,286,331,0,0,0,0
Chr5_HR12,RGNMS2071,TTTA,9,0.403,0.403,1,379,385,0,0,1,1
Chr5_HR12,RM18193,TTCT,5,0.517,0.517,2,160,155,0,0,1,1
Chr5_HR12,RM18236,AT,18,0.604,0.604,2,294,255,0,0,0,0
Chr6,RM6535,GCG,10,0.185,0.185,0,132,132,0,0,1,1
Chr6,RM6340,GAA,8,-0.108,-0.108,0,146,149,0,0,1,1
Chr6,RM10054,CTT,7,-0.108,-0.108,0,87,86,0,0,1,1
Chr6,RM10962,AGAT,5,0.069,0.069,0,615,614,0,0,1,1
Chr6,RM13438,GCC,7,1.136,1.136,0,211,200,0,0,1,0
Chr6,RM13439,GA,10,1.137,1.136,0,138,137,0,0,1,0
Chr6,RM15479,CGG,7,2.022,2.022,0,199,198,0,0,1,1
Chr6,RM15481,TCCA,5,2.021,2.021,0,194,194,0,0,1,1
Chr6,RGNMS38,TC,12,1.133,1.133,0,245,243,0,0,1,0
Chr6,RM7399,GATC,6,-0.384,-0.384,1,167,179,0,0,1,1
Chr6,RM6779,TCC,9,0.139,0.139,1,146,149,0,0,1,1
Chr6,RM1369,AG,27,-0.344,-0.344,1,95,125,0,0,1,1
Chr6,RM8109,AAAAG,7,-0.449,-0.449,1,104,111,0,0,1,1
Chr6,RM3343,CT,15,2.411,2.411,1,146,146,0,0,1,0
Chr6,RM7178,ATAG,6,0.49,0.49,1,179,151,0,0,1,1
Chr6,RM3509,CT,26,2.528,2.528,1,139,173,0,0,1,1
Chr6,RM5199,TA,40,-0.263,-0.263,1,200,184,0,0,0,0
Chr6,RM8102,TCC,5,-0.337,-0.337,1,224,224,0,0,1,1
Chr6,RM8102,CCA,4,-0.337,-0.337,1,224,224,0,0,1,1
Chr6,RM8102,CAGCT,3,-0.337,-0.337,1,224,224,0,0,1,1
Chr6,RM8102,CT,17,-0.337,-0.337,1,224,224,0,0,1,1
Chr6,RM8102,GTGCA,3,-0.337,-0.337,1,224,224,0,0,1,1
Chr6,RM19641,CT,10,0.129,0.129,1,196,195,0,0,1,1
Chr6,RM20316,CT,10,1.809,1.809,1,138,116,0,0,1,1
Chr6,RM19245,ATTT,5,-0.452,-0.452,1,92,91,0,0,0,0
Chr6,RM19269,CTCG,5,-0.401,-0.4,1,274,271,0,0,0,0
Chr6,RM19310,CCT,7,-0.358,-0.358,1,339,342,0,0,1,1
Chr6,RM19446,CGC,7,-0.143,-0.143,1,154,178,0,0,1,0
Chr6,RM19548,CGC,7,-0.044,-0.044,1,278,285,0,0,1,1
Chr6,RM19597,AT,36,0.044,0.044,1,252,260,0,0,0,0
Chr6,RM19649,GAG,8,0.144,0.144,1,233,244,0,0,0,1
Chr6,RM19658,GAC,7,0.152,0.152,1,100,99,0,0,0,1
Chr6,RM19711,ATAG,6,0.256,0.256,1,342,296,0,0,1,1
Chr6,RM19714,AAT,7,0.266,0.266,1,192,147,0,0,1,1
Chr6,RM19970,AG,11,0.785,0.785,1,280,272,0,0,1,1
Chr6,RM20299,ATCT,14,1.768,1.768,1,306,347,0,0,1,1
Chr6,RM20315,CCTC,5,1.809,1.809,1,138,116,0,0,1,1
Chr6,RM20317,AT,35,1.814,1.814,1,547,597,0,0,0,0
Chr6,RM20346,CT,11,1.848,1.848,1,335,340,0,0,1,1
Chr6,RM20501,TA,20,2.115,2.115,1,174,199,0,0,1,1
Chr6,RM20510,TAC,7,2.166,2.166,1,77,95,0,0,1,1
Chr6,RM20536,AT,13,1.186,1.186,1,121,128,0,0,1,1
Chr6,RM20659,CTA,9,2.391,2.391,1,272,280,0,0,1,1
Chr6,RM20730,AT,26,2.509,2.509,1,294,301,0,0,1,1
Chr6,RM20782,GA,20,2.192,2.192,1,246,253,0,0,0,1
Chr6,RM21407,AT,14,0.206,0.206,1,341,360,0,0,1,1
Chr6,RGNMS2250,TATT,6,-0.424,-0.424,1,339,341,0,0,1,1
Chr6,MRG4585.HAU4585,TG,27,0.233,0.233,1,80,118,0,0,0,0
Chr6,AUT19313,CT,23,-0.354,-0.354,1,285,294,0,0,1,1
Chr6,AUT19321,CT,27,-0.344,-0.344,1,234,263,0,0,1,1
Chr6,AUT19668,GCG,9,0.193,0.193,1,189,191,0,0,1,1
Chr6,AUT20671,TAT,13,2.412,2.412,1,354,376,0,0,1,1
Chr6,RGNMS2176,AAT,62,0.16,0.16,1,320,340,0,0,0,0
Chr6,RGNMS2227,TA,35,2.528,2.528,1,383,379,0,0,0,0
Chr6,RGNMS2240,AT,33,2.061,2.061,1,276,273,0,0,0,0
Chr6,RGNMS2242,TA,18,1.851,1.851,1,370,372,0,0,1,1
Chr6,RGNMS2320,AAAT,6,-0.423,-0.423,1,160,160,0,0,1,1
Chr6,RGNMS2336,CCG,7,-0.358,-0.358,1,367,372,0,0,1,1
Chr6,RGNMS2339,CGC,7,-0.358,-0.358,1,389,397,0,0,1,1
Chr6,RM5585,TG,27,0.233,0.233,2,122,159,0,0,0,0
Chr6,RM19845,AT,12,0.562,0.562,2,480,449,0,0,0,0
Chr6,RM20535,TC,10,1.187,1.187,2,145,118,0,0,1,1
Chr7_HR12,RM6283,CTG,8,1.771,1.771,0,96,93,0,0,1,1
Chr7_HR12,RM5407,TC,15,2.367,2.367,0,161,157,0,0,1,1
Chr7_HR12,RM11872,GCT,7,2.366,2.366,0,90,95,0,0,1,1
Chr7_HR12,RM12145,GGT,8,0.093,0.093,0,353,361,0,0,1,1
Chr7_HR12,RM12146,AG,11,0.093,0.093,0,112,99,0,0,1,1
Chr7_HR12,RM14815,AGG,7,-0.194,-0.194,0,241,242,0,0,1,1
Chr7_HR12,RM15935,GA,20,1.455,1.455,0,128,143,0,0,1,1
Chr7_HR12,RM16137,CTG,8,1.901,1.901,0,406,411,0,0,1,1
Chr7_HR12,AUT11871,TC,15,2.367,2.367,0,168,163,0,0,1,1
Chr7_HR12,AUT15207,CAG,8,1.771,1.771,0,103,99,0,0,1,1
Chr7_HR12,RGNMS77a,TA,28,0.321,0.321,0,379,379,0,0,1,1
Chr7_HR12,RGNMS223,TCT,19,0.321,0.321,0,354,354,0,0,1,1
Chr7_HR12,RGNMS1302,CCT,10,1.741,1.741,0,172,172,0,0,1,1
Chr7_HR12,RGNMS2920,GCC,7,0.214,0.214,0,103,103,0,0,1,1
Chr7_HR12,RM3555,GA,12,2.281,2.281,1,152,154,0,0,1,1
Chr7_HR12,RM8006,AT,94,0.384,0.384,1,228,277,0,0,0,0
Chr7_HR12,RM6223,CGG,9,-0.336,-0.337,1,112,112,0,0,1,1
Chr7_HR12,RM7454,TACA,6,-0.36,-0.361,1,107,99,0,0,0,0
Chr7_HR12,RM3484,CT,22,-0.006,-0.006,1,177,195,0,0,1,1
Chr7_HR12,RM21615,TC,11,1.351,1.351,1,127,130,0,0,1,1
Chr7_HR12,RM20847,TTAA,5,-0.405,-0.405,1,156,159,0,0,0,1
Chr7_HR12,RM20873,AAG,7,-0.335,-0.335,1,127,126,0,0,1,1
Chr7_HR12,RM20939,GATG,5,-0.252,-0.252,1,116,115,0,0,1,1
Chr7_HR12,RM21092,GGC,7,-0.025,-0.025,1,478,490,0,0,1,0
Chr7_HR12,RM21361,TATC,5,0.642,0.642,1,132,139,0,0,0,0
Chr7_HR12,RM21521,AT,40,1.152,1.152,1,247,267,0,0,0,0
Chr7_HR12,RM21785,AAT,10,1.653,1.653,1,295,261,0,0,0,0
Chr7_HR12,RM21823,GCG,8,1.711,1.711,1,336,340,0,0,1,1
Chr7_HR12,RM21871,GA,11,1.823,1.823,1,151,161,0,0,0,0
Chr7_HR12,RM21911,TTC,9,1.923,1.923,1,367,364,0,0,1,1
Chr7_HR12,RM22006,CATC,5,2.126,2.126,1,399,399,0,0,1,1
Chr7_HR12,AUT21244,GGA,9,0.286,0.286,1,469,445,0,0,0,0
Chr7_HR12,AUT21582,CT,12,1.289,1.289,1,275,276,0,0,1,1
Chr7_HR12,RGNMS577b,CCCT,5,-0.428,-0.428,1,101,101,0,0,1,0
Chr7_HR12,RGNMS744,TGAT,5,-0.396,-0.396,1,150,150,0,0,1,1
Chr7_HR12,RGNMS844,CTG,7,-0.459,-0.459,1,321,321,0,0,1,1
Chr7_HR12,RGNMS867b,CGG,7,-0.457,-0.457,1,303,323,0,0,1,1
Chr7_HR12,RGNMS1895,ATAG,9,1.665,1.665,1,399,368,0,0,0,0
Chr7_HR12,RGNMS2372,AT,12,-0.396,-0.396,1,150,150,0,0,1,1
Chr7_HR12,RGNMS2386,CT,13,-0.457,-0.457,1,303,323,0,0,1,1
Chr7_HR12,RGNMS2392,TGA,8,-0.428,-0.428,1,101,101,0,0,1,0
Chr7_HR12,RGNMS2426,GCC,7,1.794,1.794,1,407,400,0,0,1,1
Chr7_HR12,RGNMS2439b,CTC,9,-0.459,-0.459,1,321,321,0,0,1,1
Chr7_HR12,RGNMS2611,GA,17,-0.089,-0.089,1,271,282,0,0,1,1
Chr7_HR12,RGNMS2630,AT,15,-0.482,-0.482,1,225,224,0,0,1,1
Chr7_HR12,RM20896,TGC,7,-0.315,-0.315,2,202,192,0,0,1,1
Chr7_HR12,RM21941,AAT,25,1.984,1.984,2,199,207,0,0,0,0
Chr7_HR12,AUT21277,AT,15,0.384,0.384,2,312,360,0,0,0,0
Chr7_HR12,AUT21278,AT,12,0.384,0.384,2,312,360,0,0,0,0
Chr8_HR12,RM8111,CT,30,1.272,1.272,0,119,149,0,0,1,0
Chr8_HR12,RM3148,CA,20,-0.332,-0.332,0,163,166,0,0,1,1
Chr8_HR12,RM3367,CT,16,0.223,0.223,0,114,126,0,0,1,0
Chr8_HR12,RM10376,GA,10,1.272,1.272,0,180,185,0,0,1,1
Chr8_HR12,RM10377,GATC,5,1.272,1.272,0,146,153,0,0,1,1
Chr8_HR12,RM12941,AGAT,12,1.863,1.863,0,163,186,0,0,1,1
Chr8_HR12,RM13114,AT,12,1.673,1.673,0,271,247,0,0,0,0
Chr8_HR12,RM14058,CT,12,-0.386,-0.386,0,401,391,0,0,1,0
Chr8_HR12,RM14061,CT,11,-0.389,-0.389,0,133,128,0,0,1,1
Chr8_HR12,AUT10375,CT,30,1.272,1.272,0,351,380,0,0,1,0
Chr8_HR12,AUT10049,TG,20,-0.332,-0.332,0,155,158,0,0,1,1
Chr8_HR12,RGNMS519,TC,15,0.456,0.456,0,313,313,0,0,1,0
Chr8_HR12,RGNMS815a,CT,28,-0.388,-0.388,0,160,158,0,0,1,1
Chr8_HR12,RGNMS1368,CT,10,-0.176,-0.176,0,406,400,0,0,1,1
Chr8_HR12,RM6382,GAC,8,0.999,0.999,1,148,154,0,0,1,1
Chr8_HR12,RM5985,CCA,8,1.435,1.435,1,92,103,0,0,1,1
Chr8_HR12,RM3395,CT,17,0.402,0.402,1,119,97,0,0,1,1
Chr8_HR12,RM6075,CCT,8,2.103,2.103,1,129,141,0,0,1,1
Chr8_HR12,RM3761,GA,18,2.027,2.027,1,183,177,0,0,1,1
Chr8_HR12,RGNMS3737,TTAT,5,1.407,1.407,2,287,305,0,0,1,1
Chr8_HR12,RGNMS2111,AC,11,1.407,1.407,2,287,305,0,0,1,1
Chr9_HR12,RM1248,AG,15,0.785,0.785,0,128,136,0,0,1,1
Chr9_HR12,RM14784,GA,14,1.253,1.253,0,113,120,0,0,1,1
Chr9_HR12,RM14849,TA,12,1.378,1.378,0,234,214,0,0,0,0
Chr9_HR12,RM15303,TCT,15,-0.267,-0.267,0,239,199,0,0,1,1
Chr9_HR12,RM18709,CT,12,1.489,1.489,0,78,81,0,0,1,1
Chr9_HR12,RM18710,TC,10,1.489,1.489,0,162,162,0,0,1,1
Chr9_HR12,MRG4390.ARS4390,TC,14,0.007,0.007,0,157,148,0,0,1,1
Chr9_HR12,AUT12998,TC,14,0.007,0.007,0,465,456,0,0,1,1
UnContig_1,RM14375,CTG,7,-0.49,-0.49,0,255,248,0,0,1,1
UnContig_1,RM14376,CTCG,5,-0.49,-0.49,0,368,374,0,0,1,0
UnContig_1,RM14377,AG,12,-0.49,-0.49,0,160,161,0,0,1,1
UnContig_1,RM14378,CCT,10,-0.489,-0.489,0,218,235,0,0,1,1
UnContig_10056,RM5733,ACA,9,-0.494,-0.494,0,170,176,0,0,1,1
UnContig_10080,RM3351,CT,15,-0.494,-0.494,0,184,174,0,0,1,1
UnContig_10080,RM18720,TCT,7,-0.494,-0.494,0,134,142,0,0,1,1
UnContig_10080,MRG2351.RGP2351,CT,15,-0.494,-0.494,0,144,134,0,0,1,1
UnContig_10080,AUT18719,GA,15,-0.494,-0.494,0,149,138,0,0,1,1
UnContig_1009,AUT10031,CCA,8,-0.487,-0.487,0,297,296,0,0,1,1
UnContig_1009,RGNMS349,GA,17,-0.483,-0.483,0,100,100,0,0,1,1
UnContig_1009,RGNMS380,GCA,7,-0.483,-0.483,0,100,100,0,0,1,1
UnContig_10129,RM15955,GGAG,5,-0.489,-0.489,0,247,242,0,0,1,0
UnContig_10129,RM15956,TA,10,-0.49,-0.49,0,278,279,0,0,1,0
UnContig_10129,RM15957,CT,12,-0.491,-0.491,0,172,177,0,0,1,1
UnContig_10129,RM15958,ATAA,8,-0.492,-0.492,0,374,394,0,0,1,1
UnContig_10129,RM15959,TC,10,-0.493,-0.493,0,276,289,0,0,1,1
UnContig_1014,RM16145,GCTC,5,-0.495,-0.495,0,97,96,0,0,1,1
UnContig_10225,RM14531,ACC,7,-0.493,-0.493,0,273,272,0,0,1,1
UnContig_10250,RM15367,CAA,8,-0.493,-0.493,0,92,91,0,0,1,1
UnContig_10257,RM12827,GCA,9,-0.493,-0.493,0,77,85,0,0,1,1
UnContig_1026,RM15020,GCG,7,-0.488,-0.488,0,430,423,0,0,1,1
UnContig_1026,RM15021,AT,38,-0.488,-0.488,0,147,148,0,0,0,0
UnContig_1026,RGNMS994a,GCT,7,-0.488,-0.488,0,159,151,0,0,1,1
UnContig_1028,RM6594,GGC,8,-0.493,-0.493,0,137,143,0,0,1,1
UnContig_1028,RM14996,TGTA,12,-0.484,-0.484,0,365,388,0,0,1,1
UnContig_1028,RM14997,TATG,5,-0.484,-0.484,0,365,388,0,0,1,1
UnContig_10280,RM3316,CT,14,-0.495,-0.495,0,207,207,0,0,1,1
UnContig_10280,AUT13934,CT,14,-0.495,-0.495,0,298,297,0,0,1,1
UnContig_10295,RM14588,TTC,9,-0.495,-0.495,0,101,94,0,0,1,1
UnContig_1033,RM12649,TTGG,5,-0.494,-0.494,0,147,150,0,0,1,1
UnContig_10345,RGNMS2107,CTTT,7,-0.495,-0.495,1,121,119,0,0,0,0
UnContig_10345,RGNMS2173,TCC,9,-0.495,-0.495,1,121,119,0,0,0,0
UnContig_10412,RM10080,AT,18,-0.487,-0.487,0,162,179,0,0,0,0
UnContig_10418,RM19199,CT,21,-0.493,-0.493,0,139,158,0,0,1,1
UnContig_10422,RM14325,CGG,7,-0.479,-0.479,0,238,237,0,0,1,1
UnContig_10422,RM14326,AACA,7,-0.48,-0.48,0,262,260,0,0,1,1
UnContig_10422,RM14327,AAAT,5,-0.482,-0.482,0,215,228,0,0,1,1
UnContig_10422,RM18651,TA,27,-0.472,-0.472,0,408,396,0,0,1,1
UnContig_10424,RM18330,GA,12,-0.495,-0.495,1,218,221,0,0,1,1
UnContig_10442,RM10974,TATG,7,-0.494,-0.494,0,196,195,0,0,1,1
UnContig_10442,RM10975,CTG,10,-0.495,-0.495,0,243,242,0,0,1,1
UnContig_10442,RM11092,CGC,9,-0.486,-0.486,0,229,234,0,0,1,1
UnContig_10442,RM11097,AATC,5,-0.491,-0.491,0,170,169,0,0,0,1
UnContig_10459,RGNMS243a,TTC,15,-0.495,-0.495,1,358,359,0,0,1,1
UnContig_10459,RGNMS955b,TC,12,-0.495,-0.495,1,358,359,0,0,1,1
UnContig_10482,RM18504,AT,16,-0.494,-0.494,0,241,193,0,0,0,0
UnContig_10482,RM18507,TGCT,5,-0.492,-0.492,0,176,183,0,0,1,1
UnContig_10482,RM18508,AG,11,-0.492,-0.492,0,241,244,0,0,1,1
UnContig_10525,RM3513,CT,28,-0.493,-0.493,0,102,144,0,0,1,1
UnContig_10525,RM15575,TAT,8,-0.492,-0.492,0,210,218,0,0,1,1
UnContig_10525,AUT15576,AG,28,-0.493,-0.493,0,163,204,0,0,1,1
UnContig_1056,RM15842,CT,11,-0.495,-0.495,0,144,139,0,0,1,1
UnContig_10576,RM15508,CT,16,-0.495,-0.495,0,197,198,0,0,1,1
UnContig_10582,MRG4414.RGP4414,TC,15,-0.495,-0.495,0,108,116,0,0,1,1
UnContig_10598,RM13563,AGA,7,-0.492,-0.492,0,213,194,0,0,1,1
UnContig_10615,RM12010,CTG,7,-0.488,-0.488,0,279,284,0,0,1,1
UnContig_10615,RGNMS299,CT,12,-0.492,-0.492,0,271,271,0,0,1,1
UnContig_10615,RGNMS323,CT,12,-0.492,-0.492,0,322,322,0,0,1,1
UnContig_10615,RGNMS350,TC,12,-0.495,-0.495,0,252,252,0,0,1,1
UnContig_10615,RGNMS386b,CT,12,-0.495,-0.495,0,252,252,0,0,1,1
UnContig_10615,RGNMS414a,TG,12,-0.492,-0.492,0,271,252,0,0,1,1
UnContig_10615,RGNMS455,CT,12,-0.495,-0.495,0,252,252,0,0,1,1
UnContig_10640,RM7266,ATCT,8,-0.495,-0.495,0,180,206,0,0,1,1
UnContig_1069,AUT10006,GA,12,-0.495,-0.495,0,118,117,0,0,1,0
UnContig_10702,RM10548,CCT,7,-0.489,-0.489,0,200,203,0,0,1,1
UnContig_10705,RM12452,CGG,8,-0.491,-0.491,0,142,142,0,0,1,1
UnContig_10705,RM18522,CTG,7,-0.487,-0.487,0,97,102,0,0,1,1
UnContig_10705,RM18523,AAAT,5,-0.488,-0.488,0,178,177,0,0,1,1
UnContig_1075,RM14822,AAG,7,-0.495,-0.495,0,151,150,0,0,1,1
UnContig_10785,RM13207,TA,16,-0.495,-0.495,1,306,271,0,0,1,1
UnContig_10818,RM2346,AT,25,-0.491,-0.491,0,188,168,0,0,0,0
UnContig_10818,AUT15235,AT,25,-0.491,-0.491,0,261,240,0,0,0,0
UnContig_10827,RGNMS290,TA,30,-0.492,-0.492,0,314,314,0,0,1,1
UnContig_10827,RGNMS411,TG,30,-0.492,-0.492,0,343,338,0,0,0,0
UnContig_1084,RM5329,TC,12,-0.469,-0.469,0,128,116,0,0,1,1
UnContig_1084,RM1386,AG,42,-0.466,-0.466,0,157,197,0,0,1,1
UnContig_1084,RM11934,CCT,7,-0.486,-0.486,0,130,129,0,0,1,1
UnContig_1084,RM11935,GA,12,-0.486,-0.486,0,141,162,0,0,1,1
UnContig_1084,RM18663,CTG,10,-0.475,-0.475,0,194,194,0,0,1,1
UnContig_1084,RM18664,TA,10,-0.477,-0.477,0,396,387,0,0,0,0
UnContig_1084,AUT18659,CT,42,-0.466,-0.466,0,182,221,0,0,1,1
UnContig_1084,AUT18661,TC,12,-0.469,-0.469,0,124,111,0,0,1,0
UnContig_10865,RM10074,TC,24,-0.495,-0.495,0,200,195,0,0,0,1
UnContig_10916,RM6107,CGC,8,-0.49,-0.49,0,196,199,0,0,1,1
UnContig_10916,RM13638,GA,10,-0.488,-0.488,0,141,113,0,0,1,1
UnContig_10916,RM13641,CTCC,6,-0.495,-0.495,0,184,187,0,0,0,0
UnContig_10916,AUT13639,CGC,8,-0.49,-0.49,0,384,386,0,0,1,1
UnContig_10923,RM6454,GCC,8,-0.495,-0.495,0,157,166,0,0,1,1
UnContig_10941,RM15360,TC,19,-0.494,-0.494,0,388,385,0,0,1,1
UnContig_10941,RM15361,CTT,13,-0.492,-0.492,0,190,177,0,0,1,1
UnContig_10941,RM15362,TC,12,-0.492,-0.492,0,190,177,0,0,1,1
UnContig_11018,RM12374,CGG,7,-0.493,-0.493,0,100,99,0,0,1,1
UnContig_11025,RM11475,AG,10,-0.49,-0.49,0,293,278,0,0,1,1
UnContig_11025,RM11477,CT,10,-0.494,-0.494,0,215,188,0,0,1,1
UnContig_11064,RM6645,GTC,8,-0.493,-0.493,0,141,141,0,0,1,1
UnContig_11064,RM11310,ATAG,5,-0.478,-0.478,0,536,542,0,0,1,1
UnContig_11064,RM18400,GAG,7,-0.493,-0.493,0,82,81,0,0,1,1
UnContig_11064,AUT11309,AG,15,-0.481,-0.481,0,194,193,0,0,1,1
UnContig_11064,AUT18399,CGA,8,-0.493,-0.493,0,81,80,0,0,1,1
UnContig_11064,RGNMS53c,CGT,7,-0.48,-0.48,0,274,306,0,0,1,1
UnContig_11064,RGNMS117,GGT,8,-0.48,-0.48,0,274,322,0,0,1,1
UnContig_11064,RGNMS225a,TGA,8,-0.48,-0.48,0,342,322,0,0,1,1
UnContig_11064,RGNMS237,TC,16,-0.48,-0.48,0,342,384,0,0,1,1
UnContig_11064,RGNMS261,GTA,8,-0.48,-0.48,0,274,322,0,0,1,1
UnContig_11064,RGNMS339,ACT,8,-0.48,-0.48,0,342,322,0,0,1,1
UnContig_11064,RGNMS343,TG,11,-0.48,-0.48,0,274,255,0,0,1,1
UnContig_11094,RM11829,CGG,7,-0.495,-0.495,1,338,337,0,0,1,1
UnContig_11164,RM18925,GT,10,-0.495,-0.495,0,340,343,0,0,1,1
UnContig_11212,RGNMS300,GTGC,5,-0.493,-0.493,0,128,128,0,0,1,1
UnContig_11231,RM3640,GA,14,-0.495,-0.495,0,223,211,0,0,1,1
UnContig_11231,RM11848,CTC,9,-0.494,-0.494,0,168,170,0,0,1,1
UnContig_11231,AUT11849,GA,14,-0.495,-0.495,0,237,224,0,0,1,1
UnContig_11248,RGNMS1247,CT,14,-0.493,-0.493,0,381,380,0,0,1,1
UnContig_11270,RM12357,GATG,6,-0.495,-0.495,0,180,179,0,0,1,1
UnContig_11300,RM7318,CATA,6,-0.492,-0.492,0,96,103,0,0,1,1
UnContig_11300,RM11423,TA,18,-0.493,-0.493,0,257,208,0,0,0,0
UnContig_11300,AUT11425,CATA,6,-0.492,-0.492,0,100,106,0,0,1,1
UnContig_11333,RM21171,ATT,26,-0.493,-0.493,1,461,466,0,0,1,1
UnContig_11333,AUT21172,TATT,6,-0.494,-0.494,1,207,222,0,0,0,1
UnContig_11391,RM13922,GAG,7,-0.473,-0.473,0,173,169,0,0,1,1
UnContig_11391,RM14125,AAG,8,-0.477,-0.477,0,173,161,0,0,1,1
UnContig_11391,RM14126,AATC,6,-0.478,-0.478,0,144,139,0,0,1,1
UnContig_11391,RM14127,CT,10,-0.479,-0.479,0,201,180,0,0,1,1
UnContig_11391,RM14128,CGT,7,-0.48,-0.48,0,259,255,0,0,1,1
UnContig_11391,RM14129,CCG,9,-0.482,-0.482,0,236,244,0,0,1,1
UnContig_11391,RGNMS654,CGG,7,-0.479,-0.479,0,121,100,0,0,1,1
UnContig_114,RM14303,AC,19,-0.487,-0.487,0,184,194,0,0,1,1
UnContig_11409,RM18273,AT,17,-0.487,-0.487,0,311,280,0,0,0,0
UnContig_11409,RGNMS1758,TA,25,-0.487,-0.487,1,399,390,0,0,1,1
UnContig_1142,RM3204,CT,12,-0.476,-0.476,0,79,93,0,0,1,1
UnContig_1142,RM15064,AG,10,-0.479,-0.479,0,240,242,0,0,1,1
UnContig_1142,RM15065,GAGG,5,-0.479,-0.479,0,275,274,0,0,1,0
UnContig_1142,AUT15063,CT,12,-0.476,-0.476,0,181,194,0,0,1,1
UnContig_11427,RM14070,TC,11,-0.49,-0.49,0,188,138,0,0,1,1
UnContig_11486,RM14394,GT,28,-0.495,-0.495,0,180,199,0,0,1,1
UnContig_11535,RM15237,TGC,8,-0.48,-0.48,0,186,185,0,0,1,1
UnContig_11535,RM15242,CGC,7,-0.475,-0.475,0,135,134,0,0,1,1
UnContig_11535,RM15243,GGA,10,-0.475,-0.475,0,187,192,0,0,1,1
UnContig_11535,RM15244,TC,11,-0.474,-0.474,1,98,99,0,0,1,1
UnContig_11564,RM8210,CT,9,-0.493,-0.493,0,200,224,0,0,1,1
UnContig_11594,RM13279,CA,10,-0.482,-0.482,0,297,294,0,0,1,1
UnContig_11634,RM13457,AT,11,-0.495,-0.495,0,338,367,0,0,1,1
UnContig_11634,RM13458,TG,21,-0.495,-0.495,0,338,367,0,0,1,1
UnContig_11637,MRG0236.RGP0236,AG,15,-0.482,-0.482,0,127,131,0,0,1,1
UnContig_11645,RM3306,CT,14,-0.491,-0.491,0,106,112,0,0,1,1
UnContig_1165,RM3263,CT,13,-0.493,-0.493,0,123,125,0,0,1,1
UnContig_1165,RM13658,AC,15,-0.473,-0.473,0,279,261,0,0,1,1
UnContig_1165,RM13660,CCT,7,-0.478,-0.478,0,92,90,0,0,1,1
UnContig_1165,RM13661,CAG,7,-0.478,-0.478,0,296,295,0,0,1,1
UnContig_1165,RM14012,TGGA,5,-0.492,-0.492,0,92,99,0,0,1,1
UnContig_1165,RM14013,AT,29,-0.488,-0.488,0,419,454,0,0,0,0
UnContig_1165,RM14014,TCA,7,-0.488,-0.488,0,184,198,0,0,1,1
UnContig_1165,AUT14011,GA,13,-0.493,-0.493,0,289,290,0,0,1,1
UnContig_1165,RGNMS688,CGC,7,-0.478,-0.478,0,104,102,0,0,1,1
UnContig_1165,RGNMS731,AT,23,-0.488,-0.488,0,316,323,0,0,1,1
UnContig_1165,RGNMS930,TCT,15,-0.488,-0.488,0,284,283,0,0,1,1
UnContig_11678,RM18963,CA,10,-0.494,-0.494,0,145,144,0,0,1,1
UnContig_11722,RM13950,GCA,7,-0.487,-0.487,0,84,83,0,0,1,1
UnContig_11722,RM13951,ATCG,5,-0.486,-0.486,0,209,208,0,0,1,1
UnContig_11722,RM13952,AAAT,7,-0.484,-0.484,0,154,157,0,0,1,0
UnContig_11722,RM18905,TTCA,5,-0.493,-0.493,0,179,178,0,0,1,1
UnContig_11722,RM18907,TCC,7,-0.49,-0.49,0,279,278,0,0,1,0
UnContig_11722,AUT18904,TATC,6,-0.494,-0.494,0,256,247,0,0,1,1
UnContig_11753,RM1230,AG,15,-0.495,-0.495,0,157,155,0,0,1,0
UnContig_11753,AUT16032,AG,15,-0.495,-0.495,0,269,266,0,0,1,0
UnContig_11785,RM17779,CTT,7,-0.487,-0.487,0,131,125,0,0,1,1
UnContig_11785,RGNMS1810,CT,16,-0.487,-0.487,0,208,198,0,0,1,1
UnContig_11785,RGNMS1979,CT,11,-0.487,-0.487,0,343,335,0,0,1,1
UnContig_11785,RGNMS2026,GA,11,-0.487,-0.487,0,343,335,0,0,1,1
UnContig_11785,RGNMS2044,CT,11,-0.487,-0.487,0,322,311,0,0,1,1
UnContig_11818,RM13387,TA,11,-0.494,-0.494,0,146,167,0,0,1,0
UnContig_11854,RM20462,AG,25,-0.494,-0.494,1,364,391,0,0,1,1
UnContig_11855,RM6360,GAA,11,-0.46,-0.46,0,224,230,0,0,1,1
UnContig_11855,RM11675,GTC,7,-0.472,-0.472,0,378,376,0,0,1,0
UnContig_11855,RM11676,CGC,7,-0.468,-0.468,0,387,386,0,0,1,1
UnContig_11855,RM13844,CA,10,-0.479,-0.479,0,167,165,0,0,1,1
UnContig_11855,RM19116,GA,11,-0.463,-0.463,0,175,174,0,0,1,1
UnContig_11855,RM19117,GAC,7,-0.463,-0.463,0,126,125,0,0,1,1
UnContig_11855,RM19118,GA,10,-0.463,-0.463,0,184,185,0,0,1,1
UnContig_11855,MRG5360.RGP5360,GAA,11,-0.46,-0.46,0,85,91,0,0,1,1
UnContig_11855,AUT13845,GTG,11,-0.48,-0.48,0,199,198,0,0,1,1
UnContig_11855,AUT19120,CTT,11,-0.46,-0.46,0,121,126,0,0,1,1
UnContig_11872,RGNMS1333,AT,34,-0.489,-0.489,0,276,274,0,0,1,1
UnContig_11911,RM15564,GCC,7,-0.495,-0.495,0,94,93,0,0,1,1
UnContig_1193,RM18923,CCGG,5,-0.495,-0.495,0,135,138,0,0,1,1
UnContig_11940,RGNMS229,CGG,7,-0.494,-0.494,0,198,198,0,0,1,1
UnContig_1197,RM18582,TC,13,-0.489,-0.489,0,172,173,0,0,1,1
UnContig_11976,RM10454,TA,26,-0.495,-0.495,2,179,210,0,0,1,1
UnContig_12044,RM19139,TA,33,-0.494,-0.494,0,185,171,0,0,0,0
UnContig_12044,RM19140,TCT,8,-0.493,-0.493,0,222,185,0,0,1,1
UnContig_1208,RM12666,GGC,7,-0.495,-0.495,0,293,292,0,0,1,1
UnContig_12088,RM11642,TTTA,5,-0.495,-0.495,0,182,181,0,0,1,1
UnContig_12094,RGNMS1684,CGC,8,-0.49,-0.49,0,404,398,0,0,1,1
UnContig_12126,RM3730,GA,16,-0.495,-0.495,0,185,193,0,0,1,1
UnContig_12126,RM13687,GGA,9,-0.494,-0.494,0,189,191,0,0,1,1
UnContig_12126,AUT13688,CT,13,-0.495,-0.495,0,186,187,0,0,1,1
UnContig_1221,RM14476,GCG,8,-0.495,-0.495,0,358,360,0,0,1,1
UnContig_1221,RM14477,CGC,7,-0.495,-0.495,0,164,169,0,0,1,1
UnContig_12266,RM10616,GGC,7,-0.495,-0.495,0,239,247,0,0,0,1
UnContig_12305,RM13543,CT,11,-0.479,-0.479,0,156,157,0,0,1,1
UnContig_12305,RM13544,CAT,7,-0.481,-0.481,0,196,195,0,0,1,1
UnContig_12305,RM14746,GA,11,-0.492,-0.492,0,298,273,0,0,1,0
UnContig_12305,AUT16184,CT,15,-0.485,-0.485,0,202,158,0,0,1,1
UnContig_12309,RM14535,AT,10,-0.493,-0.493,1,421,393,0,0,0,0
UnContig_12376,RM13963,GTCC,5,-0.493,-0.493,0,129,128,0,0,1,1
UnContig_12408,RM1130,AG,12,-0.493,-0.493,0,129,129,0,0,1,1
UnContig_12418,RM14897,CTC,9,-0.495,-0.495,0,333,332,0,0,1,1
UnContig_1244,RM10353,CG,10,-0.495,-0.495,0,179,178,0,0,1,1
UnContig_1244,RGNMS10,GATA,5,-0.494,-0.494,0,122,122,0,0,1,1
UnContig_12514,RM1305,GA,19,-0.491,-0.491,1,115,117,0,0,1,1
UnContig_12533,RM12523,AATC,6,-0.495,-0.495,0,193,192,0,0,1,1
UnContig_12533,RM12524,TAGC,5,-0.494,-0.494,0,193,192,0,0,1,1
UnContig_12533,RM12525,TG,10,-0.494,-0.494,0,175,176,0,0,1,1
UnContig_12533,RM12526,CT,17,-0.493,-0.493,0,305,296,0,0,1,1
UnContig_12542,RGNMS1726,CCG,8,-0.484,-0.484,0,375,364,0,0,1,1
UnContig_12556,RM19439,GGA,7,-0.494,-0.494,1,165,164,0,0,1,1
UnContig_12660,RM19104,GATC,5,-0.493,-0.493,0,255,258,0,0,1,1
UnContig_12660,RGNMS2023,CGC,7,-0.493,-0.493,0,136,138,0,0,1,1
UnContig_12695,RM13216,GCA,7,-0.495,-0.495,0,139,138,0,0,1,1
UnContig_12714,RM10198,GAG,8,-0.493,-0.493,0,183,176,0,0,1,1
UnContig_12730,RM7056,AATT,6,-0.488,-0.488,0,145,149,0,0,1,1
UnContig_12730,RM11263,GA,13,-0.494,-0.494,0,263,264,0,0,1,1
UnContig_12730,RM11264,GGT,7,-0.494,-0.494,0,145,144,0,0,1,0
UnContig_12730,RM11267,AT,19,-0.488,-0.488,0,310,266,0,0,0,0
UnContig_12730,RM11269,AT,16,-0.487,-0.487,0,174,160,0,0,0,0
UnContig_12730,RM11270,AT,21,-0.487,-0.486,0,427,456,0,0,0,0
UnContig_12730,AUT11268,AAT,9,-0.487,-0.487,1,160,159,0,0,0,0
UnContig_12757,RM6139,CGC,9,-0.474,-0.474,0,143,149,0,0,1,1
UnContig_12757,RM5807,AGG,9,-0.475,-0.475,0,143,150,0,0,1,1
UnContig_12757,RM11058,GA,10,-0.491,-0.491,0,167,172,0,0,1,1
UnContig_12757,RM13541,CTC,8,-0.484,-0.484,0,76,75,0,0,1,1
UnContig_12757,RM13542,GCG,9,-0.485,-0.485,0,91,90,0,0,1,1
UnContig_12757,AUT14230,GCG,9,-0.474,-0.474,0,163,168,0,0,1,1
UnContig_12757,RGNMS641,CCG,7,-0.485,-0.485,0,152,150,0,0,1,1
UnContig_12757,RGNMS760,GCG,9,-0.484,-0.484,0,257,253,0,0,1,1
UnContig_12757,AUT14232,TCC,9,-0.475,-0.475,1,183,189,0,0,1,1
UnContig_12764,RM7245,ATCG,6,-0.49,-0.49,0,164,168,0,0,1,1
UnContig_12764,AUT13706,ATCG,6,-0.49,-0.49,0,260,263,0,0,1,1
UnContig_12796,RM13581,AT,36,-0.491,-0.491,0,167,163,0,0,0,0
UnContig_12796,AUT13583,AG,15,-0.491,-0.491,0,196,183,0,0,1,1
UnContig_12796,RM13582,CA,10,-0.491,-0.491,1,114,119,0,0,0,0
UnContig_1280,RM13628,CT,22,-0.48,-0.48,0,267,282,0,0,1,1
UnContig_1280,RM13629,AGG,7,-0.48,-0.48,0,166,165,0,0,1,1
UnContig_1280,RM13631,AG,14,-0.486,-0.486,0,274,274,0,0,1,0
UnContig_1280,RM13633,CGCT,5,-0.488,-0.488,0,210,209,0,0,1,1
UnContig_1280,RM13635,TAAT,5,-0.49,-0.49,0,300,299,0,0,1,1
UnContig_1280,RM13636,CAGC,5,-0.49,-0.49,0,96,99,0,0,1,1
UnContig_12825,RM12742,GGC,7,-0.491,-0.491,0,366,371,0,0,1,1
UnContig_12825,AUT12743,AAG,7,-0.493,-0.493,0,282,267,0,0,1,1
UnContig_12825,AUT12744,AG,11,-0.493,-0.493,0,282,267,0,0,1,1
UnContig_12966,RM20404,CAC,8,-0.493,-0.493,0,213,212,0,0,1,1
UnContig_12966,RM12009,TC,12,-0.494,-0.494,0,187,192,0,0,1,1
UnContig_12966,SSR134.RGP134,TC,16,-0.495,-0.495,0,113,111,0,0,1,1
UnContig_12966,AUT12008,AG,16,-0.495,-0.495,0,501,498,0,0,1,1
UnContig_12966,RM5314,TC,12,-0.489,-0.489,1,152,154,0,0,1,1
UnContig_12975,RM18918,CT,10,-0.491,-0.491,0,143,136,0,0,1,1
UnContig_12975,RGNMS1921,CT,11,-0.491,-0.491,0,221,219,0,0,1,1
UnContig_13003,RM5612,AAG,9,-0.492,-0.492,0,84,87,0,0,1,1
UnContig_13003,RM5959,CAG,8,-0.492,-0.492,0,101,101,0,0,1,1
UnContig_13003,AUT16077,TCT,9,-0.492,-0.492,0,96,98,0,0,1,1
UnContig_13003,AUT16078,TGC,8,-0.492,-0.492,0,91,90,0,0,1,1
UnContig_13010,RM12993,GGC,7,-0.487,-0.487,0,142,144,0,0,1,1
UnContig_13025,RM11352,CTG,7,-0.495,-0.495,0,136,138,0,0,1,1
UnContig_13042,RM18450,AG,10,-0.495,-0.495,0,176,187,0,0,1,1
UnContig_13059,RM8022,AT,31,-0.495,-0.495,1,142,163,0,0,1,1
UnContig_13069,RM15403,AC,12,-0.495,-0.495,0,126,160,0,0,0,0
UnContig_13069,RM15404,AT,39,-0.495,-0.495,0,126,160,0,0,0,0
UnContig_13069,RM15402,AT,11,-0.495,-0.495,1,393,345,0,0,0,0
UnContig_13142,RM13945,TA,13,-0.494,-0.494,0,398,402,0,0,1,0
UnContig_13142,RM13947,AT,27,-0.485,-0.485,0,156,197,0,0,1,1
UnContig_13181,RM21263,AT,11,-0.484,-0.484,1,358,371,0,0,1,1
UnContig_13205,RM7373,CTTT,6,-0.471,-0.471,0,140,136,0,0,1,1
UnContig_13205,RM6784,TCG,8,-0.484,-0.484,0,184,184,0,0,1,1
UnContig_13205,RM10459,TC,36,-0.494,-0.494,0,204,245,0,0,1,0
UnContig_13205,RM10460,TTGC,5,-0.494,-0.494,0,161,168,0,0,1,1
UnContig_13205,RM17741,CAG,8,-0.476,-0.476,0,350,356,0,0,1,1
UnContig_13205,AUT10457,CGA,8,-0.484,-0.484,0,174,173,0,0,1,1
UnContig_13205,AUT17737,TAC,9,-0.467,-0.467,0,278,284,0,0,1,1
UnContig_13205,AUT17738,AGAA,6,-0.471,-0.471,0,83,78,0,0,1,1
UnContig_13205,RGNMS113,CGG,7,-0.488,-0.488,0,176,174,0,0,0,0
UnContig_13205,RGNMS152,CGAT,5,-0.488,-0.488,0,372,374,0,0,1,1
UnContig_13205,RGNMS153,TATG,5,-0.493,-0.493,0,263,257,0,0,1,1
UnContig_13205,RGNMS1742b,CT,10,-0.467,-0.467,0,320,321,0,0,1,1
UnContig_13205,RGNMS1822,AT,10,-0.468,-0.468,0,341,330,0,0,1,1
UnContig_13205,RGNMS1826b,AT,10,-0.468,-0.468,0,341,330,0,0,1,1
UnContig_13205,RGNMS1832,TC,10,-0.468,-0.468,0,384,384,0,0,1,1
UnContig_13205,RGNMS1873,AC,10,-0.471,-0.471,0,277,273,0,0,1,1
UnContig_13205,RGNMS1899,TC,10,-0.474,-0.474,0,249,249,0,0,1,1
UnContig_13205,RGNMS1900c,TA,10,-0.474,-0.474,0,229,229,0,0,1,1
UnContig_13205,RGNMS1908,AT,10,-0.476,-0.476,0,122,112,0,0,1,1
UnContig_13205,RGNMS1940,GCAC,5,-0.467,-0.467,0,162,168,0,0,1,1
UnContig_13205,RGNMS2002,ATCG,5,-0.467,-0.467,0,320,321,0,0,1,1
UnContig_13255,RM15892,AAG,7,-0.494,-0.495,0,118,117,0,0,1,1
UnContig_13255,RM15893,CT,13,-0.494,-0.494,0,129,173,0,0,1,0
UnContig_13314,RM12706,GCG,7,-0.494,-0.494,0,190,198,0,0,1,1
UnContig_13403,RM13092,TC,10,-0.489,-0.489,0,252,256,0,0,1,1
UnContig_13403,AUT13097,GTT,21,-0.491,-0.491,0,126,161,0,0,1,1
UnContig_13403,RGNMS558,TTCT,6,-0.491,-0.491,0,268,223,0,0,0,0
UnContig_13403,RM19484,CGC,7,-0.495,-0.495,1,210,215,0,0,1,0
UnContig_13524,RM11412,GA,22,-0.495,-0.495,0,157,182,0,0,1,1
UnContig_13573,RM18779,CT,14,-0.49,-0.49,0,123,134,0,0,1,1
UnContig_13573,RM18780,AAG,7,-0.49,-0.49,0,131,112,0,0,1,1
UnContig_13582,RGNMS2468,AAAG,6,-0.495,-0.495,1,355,359,0,0,0,0
UnContig_13582,RGNMS2644,GA,11,-0.495,-0.495,1,355,359,0,0,0,0
UnContig_13610,RGNMS370,TC,27,-0.489,-0.489,0,236,236,0,0,1,1
UnContig_13610,RGNMS175,GT,27,-0.489,-0.489,1,289,287,0,0,1,1
UnContig_13639,RM3440,CT,19,-0.487,-0.487,0,191,197,0,0,1,1
UnContig_13639,RM7341,CATT,6,-0.488,-0.488,0,142,146,0,0,1,1
UnContig_13639,RM11468,AT,10,-0.487,-0.487,0,322,315,0,0,0,0
UnContig_13639,RM11470,GCAC,5,-0.488,-0.488,0,156,155,0,0,1,1
UnContig_13639,RM17955,GGA,7,-0.492,-0.492,0,352,351,0,0,1,1
UnContig_13639,RM17956,TAT,9,-0.492,-0.492,0,394,393,0,0,1,1
UnContig_13639,AUT11467,AG,19,-0.487,-0.487,0,185,190,0,0,1,1
UnContig_13639,AUT11469,GAAT,6,-0.488,-0.488,0,156,159,0,0,1,1
UnContig_13639,RM11471,GATC,6,-0.488,-0.488,1,296,297,0,0,0,1
UnContig_13682,RM12368,AG,19,-0.495,-0.495,0,160,151,0,0,1,1
UnContig_13685,RM6777,TCC,9,-0.495,-0.495,1,136,142,0,0,1,1
UnContig_13688,RGNMS53a,AT,32,-0.494,-0.494,0,396,396,0,0,1,1
UnContig_13726,RM11808,TTA,11,-0.489,-0.489,0,282,263,0,0,1,1
UnContig_13747,RM14089,AGAA,5,-0.495,-0.495,0,329,330,0,0,1,1
UnContig_1377,RM3449,CT,19,-0.491,-0.491,1,203,179,0,0,1,1
UnContig_1377,AUT21438,CT,19,-0.491,-0.491,1,274,249,0,0,1,0
UnContig_13796,RM18956,CCG,7,-0.491,-0.491,0,182,171,0,0,1,1
UnContig_13796,RM18958,TCG,7,-0.492,-0.492,0,288,260,0,0,1,1
UnContig_13796,RGNMS1786b,CTTT,6,-0.491,-0.491,1,407,387,0,0,1,1
UnContig_13804,RM18931,AG,13,-0.494,-0.494,1,423,412,0,0,1,1
UnContig_13824,RM15862,TA,19,-0.483,-0.483,0,276,299,0,0,1,1
UnContig_13824,RM19057,TC,17,-0.479,-0.479,0,285,287,0,0,1,1
UnContig_13824,RM19058,TC,12,-0.478,-0.478,0,129,102,0,0,1,1
UnContig_13824,RM19060,GCC,7,-0.476,-0.476,0,341,337,0,0,1,1
UnContig_13824,RM19061,ATA,12,-0.475,-0.475,0,221,223,0,0,1,1
UnContig_13824,RM15864,GAAA,8,-0.484,-0.484,1,294,293,0,0,1,0
UnContig_13935,RM18152,CTC,7,-0.493,-0.493,0,227,224,0,0,1,1
UnContig_13940,RM8218,TC,8,-0.495,-0.495,0,220,220,0,0,1,1
UnContig_14030,RM10713,AGA,12,-0.494,-0.494,0,151,144,0,0,1,1
UnContig_14031,RM12156,CGC,7,-0.489,-0.489,0,401,399,0,0,1,0
UnContig_14031,RM12158,AGG,8,-0.491,-0.491,0,98,103,0,0,1,1
UnContig_14031,RGNMS369,GCAC,6,-0.489,-0.489,0,236,232,0,0,1,1
UnContig_1404,RM6134,CGC,8,-0.488,-0.488,0,190,186,0,0,1,1
UnContig_1404,RM12468,GAG,7,-0.492,-0.492,0,205,198,0,0,1,1
UnContig_1404,RM12869,GGAG,5,-0.49,-0.49,0,229,254,0,0,0,0
UnContig_1404,AUT12872,CGC,8,-0.488,-0.488,0,262,257,0,0,1,1
UnContig_1404,RGNMS497,CATT,5,-0.492,-0.492,0,358,346,0,0,1,1
UnContig_1404,RGNMS879,CGC,7,-0.492,-0.492,0,396,384,0,0,1,1
UnContig_14095,RM7386,GAGG,6,-0.49,-0.49,0,186,190,0,0,1,1
UnContig_14137,RM22322,CACC,6,-0.492,-0.492,1,218,220,0,0,0,0
UnContig_14171,RM19382,TTAT,5,-0.494,-0.494,0,152,159,0,0,1,1
UnContig_14296,RM6320,CTT,13,-0.493,-0.493,0,164,164,0,0,1,1
UnContig_14296,RM17754,CT,10,-0.494,-0.494,0,183,186,0,0,1,1
UnContig_14296,AUT17753,CTT,13,-0.493,-0.493,0,180,179,0,0,1,1
UnContig_14315,RM12655,TC,11,-0.495,-0.495,0,156,161,0,0,1,1
UnContig_14386,RM14240,ATAG,11,-0.494,-0.494,0,180,183,0,0,1,1
UnContig_14411,RM10419,GCG,7,-0.495,-0.495,0,130,135,0,0,1,1
UnContig_14421,RM6003,CCG,8,-0.495,-0.495,0,186,178,0,0,1,1
UnContig_14421,AUT19354,CCG,8,-0.495,-0.495,1,208,199,0,0,1,1
UnContig_14449,RM10942,AG,12,-0.495,-0.495,0,120,119,0,0,0,0
UnContig_14493,RM2488,AT,28,-0.489,-0.489,0,132,161,0,0,1,1
UnContig_14493,RM17863,TA,11,-0.493,-0.493,0,183,188,0,0,0,0
UnContig_14493,RM17864,AG,10,-0.494,-0.494,0,150,149,0,0,1,1
UnContig_14522,RM6261,CTC,9,-0.487,-0.487,0,162,165,0,0,1,1
UnContig_14522,RM5925,ATT,29,-0.488,-0.488,0,205,231,0,0,1,0
UnContig_14522,RM15777,GCG,7,-0.495,-0.495,0,266,266,0,0,1,1
UnContig_14522,AUT14630,GAG,9,-0.487,-0.487,0,239,241,0,0,1,1
UnContig_14522,AUT14632,AGT,7,-0.486,-0.486,0,130,162,0,0,1,1
UnContig_14533,RM20821,AT,20,-0.486,-0.486,1,457,506,0,0,0,0
UnContig_14563,RM15370,ATC,7,-0.489,-0.489,0,193,192,0,0,1,1
UnContig_14615,RM13670,GA,10,-0.494,-0.494,1,220,197,0,0,0,0
UnContig_14627,RM7193,ATAG,7,-0.495,-0.495,0,163,139,0,0,1,1
UnContig_14630,RM12946,ATAA,5,-0.492,-0.492,0,402,392,0,0,1,1
UnContig_14630,RM14220,AC,14,-0.494,-0.494,0,159,171,0,0,1,1
UnContig_14630,RM15774,TAA,7,-0.483,-0.483,0,198,197,0,0,1,1
UnContig_1464,RM5412,TC,15,-0.49,-0.49,0,89,103,0,0,1,1
UnContig_1464,RM14272,TTCC,7,-0.491,-0.491,0,88,123,0,0,1,1
UnContig_1464,RGNMS1338,AT,15,-0.49,-0.49,0,216,216,0,0,1,1
UnContig_1464,RGNMS1390b,TC,15,-0.49,-0.49,0,358,366,0,0,1,0
UnContig_1467,RM6131,CGC,8,-0.493,-0.493,1,125,131,0,0,0,1
UnContig_14698,RM6067,CCT,8,-0.494,-0.494,0,150,153,0,0,1,1
UnContig_14698,AUT12530,GGA,8,-0.494,-0.494,0,293,295,0,0,1,1
UnContig_14716,RM7383,GAAG,7,-0.493,-0.493,0,176,176,0,0,1,1
UnContig_14716,AUT10169,TCCT,7,-0.493,-0.493,0,95,94,0,0,1,1
UnContig_14733,RM5454,TC,18,-0.489,-0.489,0,124,116,0,0,1,1
UnContig_14733,RM18540,TC,16,-0.487,-0.487,0,285,280,0,0,1,1
UnContig_14733,RM18541,GA,12,-0.481,-0.481,0,304,293,0,0,1,0
UnContig_14733,RM18539,AT,33,-0.488,-0.488,1,214,179,0,0,0,0
UnContig_1474,RM14393,GCAC,6,-0.495,-0.495,0,98,97,0,0,1,1
UnContig_14783,RM14360,GA,26,-0.495,-0.495,0,156,183,0,0,1,1
UnContig_14798,RM15671,GGT,11,-0.494,-0.494,0,383,379,0,0,1,1
UnContig_14798,RM15672,GGC,7,-0.494,-0.494,0,383,379,0,0,1,1
UnContig_14798,RM15673,TC,11,-0.49,-0.49,0,212,226,0,0,1,1
UnContig_14852,RM1332,AG,20,-0.495,-0.495,0,116,122,0,0,1,1
UnContig_14852,AUT14379,AG,20,-0.495,-0.495,0,425,430,0,0,1,1
UnContig_1488,RM10159,TAGG,5,-0.492,-0.492,0,306,301,0,0,1,1
UnContig_14883,RM11323,CGG,8,-0.49,-0.49,0,76,81,0,0,1,1
UnContig_14883,RGNMS253,GA,15,-0.494,-0.494,0,210,210,0,0,0,0
UnContig_14906,RM10176,AAG,11,-0.494,-0.494,0,114,113,0,0,1,1
UnContig_14906,RM10177,TGGC,7,-0.494,-0.494,0,183,182,0,0,1,1
UnContig_14920,RM11297,GCG,7,-0.494,-0.494,0,151,150,0,0,1,1
UnContig_14924,RM5619,AAG,10,-0.494,-0.494,0,107,116,0,0,1,1
UnContig_14924,AUT13050,TTC,10,-0.494,-0.494,0,433,441,0,0,1,1
UnContig_14940,RM13269,CGG,7,-0.495,-0.495,0,91,99,0,0,1,1
UnContig_14954,AUT21851,TGC,8,-0.49,-0.49,1,300,299,0,0,1,1
UnContig_1498,RM12296,CGG,8,-0.493,-0.493,0,232,231,0,0,1,1
UnContig_1498,RM12297,ACG,7,-0.494,-0.494,0,185,184,0,0,1,1
UnContig_1498,RGNMS763,CGC,7,-0.494,-0.494,0,169,167,0,0,1,1
UnContig_1498,RGNMS829,AG,19,-0.494,-0.494,0,387,381,0,0,1,1
UnContig_1498,RGNMS923b,CGC,7,-0.493,-0.493,0,390,384,0,0,1,1
UnContig_15003,RM14092,CCG,7,-0.493,-0.493,0,171,170,0,0,1,1
UnContig_15003,AUT14090,CCTC,5,-0.495,-0.495,0,169,183,0,0,1,1
UnContig_15069,RM14102,TA,10,-0.494,-0.494,0,364,322,0,0,1,1
UnContig_15081,RM6259,CTC,9,-0.485,-0.485,0,143,140,0,0,1,1
UnContig_15081,RM10289,GA,13,-0.485,-0.485,0,89,88,0,0,1,0
UnContig_15093,RM21513,AT,13,-0.494,-0.494,1,322,335,0,0,1,1
UnContig_15164,RM1307,AG,18,-0.479,-0.479,0,163,165,0,0,1,0
UnContig_15164,AUT13662,AG,18,-0.479,-0.479,0,176,177,0,0,1,0
UnContig_15164,RGNMS493,AT,18,-0.478,-0.478,0,282,278,0,0,1,1
UnContig_15199,RM13045,AT,41,-0.485,-0.485,0,453,478,0,0,1,0
UnContig_15199,RM13046,AG,13,-0.484,-0.484,0,162,173,0,0,1,1
UnContig_15199,MRG2838.IRRI2838,GA,22,-0.494,-0.494,0,197,198,0,0,1,1
UnContig_15199,AUT18459,CT,22,-0.494,-0.494,0,239,239,0,0,1,1
UnContig_15264,RM16060,TC,11,-0.494,-0.494,0,79,84,0,0,1,1
UnContig_15313,RM13461,AATT,5,-0.493,-0.493,1,281,281,0,0,1,1
UnContig_15394,RM14172,TA,10,-0.488,-0.488,0,326,299,0,0,0,0
UnContig_15427,RM19044,AT,12,-0.495,-0.495,0,128,139,0,0,1,1
UnContig_15441,AUT14175,CTT,9,-0.495,-0.495,0,185,191,0,0,1,1
UnContig_15458,RM17844,CTC,7,-0.492,-0.492,1,194,193,0,0,1,1
UnContig_15481,RM10656,AG,15,-0.495,-0.495,0,177,190,0,0,1,1
UnContig_15488,RM19411,ATTA,5,-0.491,-0.491,0,297,292,0,0,1,1
UnContig_15488,RM5815,AGG,13,-0.493,-0.493,1,158,170,0,0,1,1
UnContig_15495,RM3308,CT,14,-0.494,-0.494,0,156,147,0,0,1,1
UnContig_15516,RM1284,AG,17,-0.495,-0.495,0,157,150,0,0,1,1
UnContig_15570,RM15973,AGTG,5,-0.486,-0.486,0,184,183,0,0,1,1
UnContig_15570,AUT16067,TC,10,-0.493,-0.493,0,84,89,0,0,1,1
UnContig_15593,RM3523,CT,31,-0.495,-0.495,0,169,205,0,0,1,1
UnContig_15600,RM18903,CGC,7,-0.495,-0.495,0,148,147,0,0,1,1
UnContig_15600,RGNMS1942,CCA,7,-0.495,-0.495,0,101,100,0,0,1,1
UnContig_15601,RM6146,CGC,9,-0.49,-0.49,0,166,166,0,0,1,1
UnContig_15601,RM15281,GA,25,-0.49,-0.49,0,152,166,0,0,1,1
UnContig_15601,AUT15282,CGG,9,-0.49,-0.49,0,172,171,0,0,1,1
UnContig_15601,RGNMS956b,CGC,9,-0.49,-0.49,0,302,312,0,0,1,1
UnContig_15601,RGNMS982,GA,23,-0.49,-0.49,0,302,312,0,0,1,1
UnContig_15611,RM12867,CCA,8,-0.493,-0.493,0,373,360,0,0,1,1
UnContig_15689,RM16143,AGG,7,-0.484,-0.484,0,247,253,0,0,1,1
UnContig_15689,RM16144,GAG,7,-0.484,-0.484,1,255,239,0,0,0,0
UnContig_15695,RM14310,GCC,9,-0.482,-0.482,0,179,187,0,0,1,1
UnContig_15732,RM15432,AC,11,-0.494,-0.494,0,188,187,0,0,1,1
UnContig_15754,RM15461,CATG,5,-0.491,-0.491,0,293,296,0,0,1,1
UnContig_15754,RM15463,CT,11,-0.491,-0.491,1,321,320,0,0,1,1
UnContig_15821,RGNMS1749,CCG,8,-0.49,-0.49,1,299,305,0,0,1,1
UnContig_15830,RM19276,TTA,24,-0.495,-0.495,0,479,487,0,0,0,0
UnContig_15851,RM16225,AAG,7,-0.49,-0.49,0,267,257,0,0,1,1
UnContig_15851,RM16226,GCTA,5,-0.49,-0.49,0,597,604,0,0,0,0
UnContig_15851,RM16228,GGAA,5,-0.49,-0.49,0,175,178,0,0,1,1
UnContig_15851,RM16230,GCG,7,-0.488,-0.488,0,250,244,0,0,1,1
UnContig_15851,RM16231,AT,20,-0.488,-0.488,0,270,287,0,0,1,1
UnContig_15851,RM16232,GA,17,-0.488,-0.488,0,195,198,0,0,1,1
UnContig_15851,RM16233,GGC,7,-0.492,-0.492,0,107,94,0,0,1,1
UnContig_15851,RM16234,AT,21,-0.493,-0.493,0,422,455,0,0,1,1
UnContig_15851,RM16235,GAAG,5,-0.493,-0.493,0,156,155,0,0,1,1
UnContig_15851,RM16236,AG,21,-0.493,-0.493,0,89,98,0,0,1,0
UnContig_15851,RM16227,TTC,16,-0.49,-0.49,1,159,175,0,0,1,1
UnContig_15851,RGNMS1318,CT,10,-0.49,-0.49,1,372,367,0,0,1,1
UnContig_15890,RM10441,CGC,7,-0.49,-0.49,0,193,195,0,0,1,1
UnContig_15890,RM10443,AG,10,-0.489,-0.489,0,227,224,0,0,1,1
UnContig_15890,RM10551,GA,11,-0.483,-0.483,0,124,140,0,0,1,1
UnContig_15890,RM10553,CCT,7,-0.482,-0.482,0,380,393,0,0,1,1
UnContig_15890,RGNMS70b,TGAC,5,-0.492,-0.492,0,342,342,0,0,1,1
UnContig_15890,RGNMS137,AATT,5,-0.49,-0.49,0,301,298,0,0,1,1
UnContig_15902,RM13361,AT,40,-0.491,-0.491,0,634,632,0,0,0,0
UnContig_15902,RM13363,TAT,7,-0.49,-0.49,0,245,247,0,0,1,1
UnContig_15902,RM13364,CGG,9,-0.487,-0.487,0,226,240,0,0,1,0
UnContig_15902,RGNMS561,CTAG,6,-0.487,-0.487,0,308,318,0,0,1,0
UnContig_15902,RGNMS615,AG,11,-0.488,-0.488,0,259,259,0,0,1,1
UnContig_15902,RGNMS631,AG,11,-0.487,-0.487,0,141,141,0,0,1,1
UnContig_1618,RM13986,TGAA,5,-0.49,-0.49,0,150,137,0,0,1,1
UnContig_1618,RM13989,ATCT,5,-0.49,-0.49,0,412,396,0,0,1,1
UnContig_1618,RM13990,ATCT,8,-0.49,-0.49,0,412,396,0,0,1,1
UnContig_1618,RM13991,GATC,5,-0.491,-0.491,0,296,295,0,0,1,1
UnContig_1618,RM13992,ATCT,6,-0.494,-0.494,0,196,199,0,0,1,1
UnContig_1659,RM14554,GGC,7,-0.494,-0.494,0,227,226,0,0,1,1
UnContig_1659,RM14555,TA,28,-0.495,-0.495,1,393,434,0,0,0,0
UnContig_1673,RM19528,GCG,7,-0.491,-0.491,0,114,122,0,0,1,1
UnContig_1673,RM19527,GCG,8,-0.49,-0.49,1,188,190,0,0,1,1
UnContig_1673,RM19529,TA,11,-0.492,-0.492,1,350,380,0,0,0,0
UnContig_1676,RGNMS1623,TC,16,-0.487,-0.487,0,250,252,0,0,1,1
UnContig_1688,RM7579,TCTG,6,-0.493,-0.494,0,118,118,0,0,1,1
UnContig_1688,RM20330,AT,11,-0.495,-0.495,1,263,262,0,0,0,0
UnContig_1717,RM7594,TGAC,6,-0.493,-0.493,0,90,98,0,0,1,1
UnContig_1717,AUT11837,TGAC,6,-0.493,-0.493,0,285,294,0,0,1,1
UnContig_1737,RM6312,CTT,11,-0.493,-0.493,0,168,180,0,0,1,1
UnContig_1737,RM2265,AT,24,-0.491,-0.491,0,199,192,0,0,0,0
UnContig_1737,RM14197,TC,13,-0.494,-0.494,0,144,131,0,0,1,1
UnContig_1737,RM14198,CGG,7,-0.493,-0.493,0,165,164,0,0,1,1
UnContig_1737,RM14203,GGTC,5,-0.49,-0.49,0,97,96,0,0,1,1
UnContig_1737,RM14204,ATGT,5,-0.488,-0.488,0,100,99,0,0,1,1
UnContig_1737,RM18180,CCG,8,-0.485,-0.485,0,172,171,0,0,1,1
UnContig_1737,AUT14201,AT,24,-0.491,-0.491,0,206,198,0,0,0,0
UnContig_1737,AUT14200,TG,10,-0.492,-0.492,0,286,279,0,0,1,1
UnContig_1737,AUT14199,CTT,11,-0.493,-0.493,0,75,86,0,0,1,1
UnContig_1737,AUT14205,GA,24,-0.488,-0.488,0,269,284,0,0,1,1
UnContig_1757,RM10698,GATC,5,-0.495,-0.495,0,79,78,0,0,1,1
UnContig_1796,RM4487,TA,20,-0.495,-0.495,2,106,134,0,0,0,0
UnContig_1844,RM11820,GTA,8,-0.489,-0.489,0,278,268,0,0,1,1
UnContig_1844,RM11821,GTC,7,-0.489,-0.489,0,485,484,0,0,1,0
UnContig_1844,RM15943,CCT,7,-0.478,-0.478,0,265,264,0,0,1,1
UnContig_1844,RM15944,AT,26,-0.481,-0.481,0,363,359,0,0,0,0
UnContig_186,RM6395,GAC,10,-0.493,-0.493,0,92,110,0,0,1,1
UnContig_1869,RM10774,CTCC,5,-0.489,-0.489,1,373,389,0,0,1,0
UnContig_1891,RM14532,ATCC,5,-0.494,-0.494,0,115,114,0,0,1,1
UnContig_1928,RM6069,CCT,8,-0.495,-0.495,0,118,121,0,0,1,1
UnContig_1928,RM12697,AGA,7,-0.495,-0.495,0,253,249,0,0,1,1
UnContig_1928,AUT12695,AGG,8,-0.495,-0.495,0,85,87,0,0,1,1
UnContig_1929,RM15427,CGG,8,-0.492,-0.492,0,312,314,0,0,1,1
UnContig_1931,RM10039,AT,19,-0.495,-0.495,0,243,270,0,0,0,0
UnContig_1998,RM18307,TCC,9,-0.489,-0.49,0,136,141,0,0,1,1
UnContig_1999,RM11004,AACT,5,-0.494,-0.494,0,517,482,0,0,0,0
UnContig_1999,RM11005,TA,16,-0.494,-0.494,0,517,482,0,0,0,0
UnContig_2015,RM13107,AT,16,-0.494,-0.494,0,581,619,0,0,0,0
UnContig_2023,RM15052,GA,10,-0.492,-0.492,0,214,213,0,0,1,1
UnContig_2023,AUT15053,AG,13,-0.494,-0.494,0,95,96,0,0,1,1
UnContig_2023,RM19683,CGC,7,-0.481,-0.481,1,115,114,0,0,1,0
UnContig_2163,RM13069,GA,10,-0.495,-0.495,0,194,199,0,0,1,1
UnContig_2212,RM14603,AAAC,5,-0.494,-0.494,0,139,138,0,0,1,1
UnContig_2217,RM10757,TATG,5,-0.493,-0.493,0,158,157,0,0,1,1
UnContig_2227,AUT13730,GA,19,-0.495,-0.495,0,83,92,0,0,1,1
UnContig_2234,RM6769,TCC,8,-0.494,-0.494,0,160,162,0,0,1,1
UnContig_2234,RM3235,CT,13,-0.494,-0.494,0,116,112,0,0,1,1
UnContig_2234,SSR143.RGP143,GAG,17,-0.494,-0.494,0,104,108,0,0,1,1
UnContig_2234,AUT10473,AG,13,-0.494,-0.494,0,230,225,0,0,1,1
UnContig_2254,MRG5732.RGP5732,TAT,20,-0.493,-0.493,1,155,181,0,0,1,1
UnContig_2310,RM7638,TTGG,6,-0.495,-0.495,0,158,162,0,0,1,1
UnContig_2316,RM6883,TGT,12,-0.48,-0.48,0,183,186,0,0,1,1
UnContig_2316,RM5628,AAG,11,-0.483,-0.483,0,155,161,0,0,1,1
UnContig_2316,RM14410,GCC,7,-0.482,-0.482,0,320,332,0,0,1,0
UnContig_2316,RM16071,CAT,7,-0.488,-0.488,0,91,96,0,0,1,1
UnContig_2316,RM16074,GCG,7,-0.493,-0.493,0,95,103,0,0,1,1
UnContig_2316,AUT14409,TGT,12,-0.48,-0.48,0,150,152,0,0,1,1
UnContig_2316,AUT14411,AAG,11,-0.483,-0.483,0,361,366,0,0,1,1
UnContig_2316,RGNMS955a,GA,10,-0.488,-0.488,0,390,391,0,0,1,1
UnContig_2316,RGNMS1059,TA,10,-0.488,-0.488,0,336,328,0,0,1,1
UnContig_2316,RM16072,AGA,7,-0.488,-0.488,1,303,299,0,0,1,0
UnContig_2432,RM6599,GGC,8,-0.495,-0.495,0,154,160,0,0,1,1
UnContig_2432,AUT10430,GCC,8,-0.495,-0.495,0,180,185,0,0,1,1
UnContig_2433,RM20173,GA,10,-0.493,-0.493,0,243,240,0,0,1,1
UnContig_2442,RM12791,CGG,7,-0.494,-0.494,0,102,102,0,0,1,0
UnContig_2442,RM12792,CCG,7,-0.491,-0.491,0,384,383,0,0,1,1
UnContig_2442,RM12793,CT,11,-0.491,-0.491,0,263,279,0,0,1,1
UnContig_2442,RM12794,CCT,7,-0.491,-0.491,0,146,144,0,0,1,0
UnContig_2442,RM12795,TCG,7,-0.491,-0.491,0,156,155,0,0,1,1
UnContig_2442,RM22097,CGT,8,-0.473,-0.473,1,128,142,0,0,1,1
UnContig_2476,RM11955,GGT,7,-0.495,-0.495,0,95,94,0,0,1,1
UnContig_2484,RM11293,AC,10,-0.485,-0.485,0,169,182,0,0,1,1
UnContig_2484,RM11294,AG,11,-0.485,-0.485,0,169,182,0,0,1,1
UnContig_2484,AUT13709,AAT,21,-0.493,-0.493,0,139,144,0,0,1,1
UnContig_254,RM1112,AG,12,-0.489,-0.489,0,117,107,0,0,1,1
UnContig_254,RGNMS1494b,CAC,7,-0.489,-0.489,0,363,348,0,0,1,1
UnContig_2548,RM6648,GTC,8,-0.482,-0.482,0,222,207,0,0,1,1
UnContig_2548,RM11715,TG,11,-0.486,-0.486,0,211,216,0,0,1,1
UnContig_2548,RM11717,CT,10,-0.482,-0.482,0,196,203,0,0,1,1
UnContig_2548,RM11719,CGG,7,-0.478,-0.478,0,139,136,0,0,1,0
UnContig_2548,AUT11716,GTC,8,-0.482,-0.482,0,155,139,0,0,1,1
UnContig_2706,RM8132,CCT,5,-0.486,-0.486,0,136,104,0,0,1,0
UnContig_2706,RM8132,CT,10,-0.486,-0.486,0,136,104,0,0,1,0
UnContig_2706,AUT10592,CT,10,-0.486,-0.486,0,178,147,0,0,1,0
UnContig_2755,RM1238,AG,15,-0.482,-0.482,0,124,134,0,0,1,1
UnContig_2755,RM6508,GCG,8,-0.494,-0.494,0,121,132,0,0,1,1
UnContig_2755,RM15996,AGC,7,-0.489,-0.489,0,153,161,0,0,1,1
UnContig_2755,RM15995,CGG,7,-0.492,-0.492,0,223,255,0,0,1,1
UnContig_2755,RM15998,TC,11,-0.482,-0.482,0,143,142,0,0,1,1
UnContig_2755,RM15999,GA,30,-0.481,-0.481,0,163,176,0,0,1,1
UnContig_2755,AUT15993,GCG,8,-0.494,-0.494,0,179,189,0,0,1,1
UnContig_2755,AUT15997,AG,15,-0.482,-0.482,0,148,157,0,0,1,1
UnContig_2777,RM19695,CAG,7,-0.493,-0.493,0,105,116,0,0,1,1
UnContig_2781,RM5480,TC,21,-0.495,-0.495,0,182,186,0,0,1,1
UnContig_2781,RM14545,AG,10,-0.495,-0.495,0,125,167,0,0,1,1
UnContig_2781,AUT14546,TC,21,-0.495,-0.495,0,181,184,0,0,1,1
UnContig_2782,RM7158,ATAC,12,-0.495,-0.495,1,173,197,0,0,1,1
UnContig_2792,RM15228,GGC,7,-0.493,-0.493,0,190,183,0,0,1,1
UnContig_2792,RM15229,GAG,7,-0.493,-0.493,0,190,183,0,0,1,1
UnContig_2792,RM15230,AG,11,-0.494,-0.494,0,200,194,0,0,1,1
UnContig_2805,RM5951,CAC,9,-0.478,-0.479,0,92,92,0,0,1,1
UnContig_2823,RGNMS382a,CGC,7,-0.495,-0.495,0,148,146,0,0,1,1
UnContig_2870,RM17859,TA,13,-0.494,-0.494,1,390,410,0,0,0,0
UnContig_2882,MRG2916.IRRI2916,TG,26,-0.495,-0.495,0,271,226,0,0,0,0
UnContig_2885,RM14800,GA,18,-0.487,-0.487,0,251,261,0,0,1,1
UnContig_2885,RM14801,GCAC,5,-0.487,-0.487,0,199,198,0,0,1,1
UnContig_2932,RM6738,TAT,22,-0.491,-0.491,0,150,150,0,0,1,1
UnContig_2932,RM11485,AAAT,6,-0.49,-0.49,0,346,338,0,0,1,1
UnContig_2932,AUT11484,ATA,22,-0.491,-0.491,0,297,296,0,0,1,1
UnContig_2933,RM11030,AT,10,-0.492,-0.492,1,281,280,0,0,1,1
UnContig_2992,RM3317,CT,14,-0.488,-0.488,0,137,138,0,0,1,1
UnContig_2992,MRG2317.RT2317,CT,14,-0.488,-0.488,0,139,141,0,0,1,1
UnContig_2992,RGNMS1662,CT,10,-0.488,-0.488,0,228,227,0,0,1,1
UnContig_3029,RM20280,TGA,7,-0.495,-0.495,0,167,171,0,0,1,1
UnContig_3062,RM14553,CCA,7,-0.495,-0.495,0,79,78,0,0,1,1
UnContig_3104,RM14785,AG,10,-0.493,-0.493,0,219,224,0,0,1,1
UnContig_3104,AUT16191,AG,15,-0.485,-0.485,0,263,270,0,0,1,1
UnContig_3109,RM12577,AATA,5,-0.487,-0.487,0,438,466,0,0,1,1
UnContig_3109,RM12578,AGA,8,-0.487,-0.487,0,195,197,0,0,1,1
UnContig_3128,RM5639,AAG,13,-0.486,-0.486,0,120,123,0,0,1,1
UnContig_3128,RM14687,AG,10,-0.489,-0.489,0,109,108,0,0,1,1
UnContig_3128,AUT14686,AAG,13,-0.486,-0.486,0,136,138,0,0,1,1
UnContig_3128,RGNMS1108,TA,14,-0.486,-0.486,0,320,317,0,0,1,1
UnContig_3128,RGNMS1118,GA,14,-0.486,-0.486,0,375,371,0,0,1,1
UnContig_3131,RM15565,AG,10,-0.494,-0.494,0,236,237,0,0,1,1
UnContig_3148,RM19487,AG,12,-0.495,-0.495,0,126,113,0,0,1,0
UnContig_3165,RM20118,CGG,8,-0.492,-0.492,1,321,318,0,0,1,1
UnContig_3214,RM18760,CTG,8,-0.495,-0.495,0,107,115,0,0,1,1
UnContig_3214,RGNMS1839a,TC,12,-0.495,-0.495,0,372,375,0,0,1,1
UnContig_3215,RM11967,GA,10,-0.495,-0.495,2,198,203,0,0,1,1
UnContig_3257,RM7415,GCGT,6,-0.492,-0.492,0,136,136,0,0,1,1
UnContig_3257,RM3809,GA,20,-0.493,-0.493,0,116,134,0,0,1,1
UnContig_3257,AUT19028,CACG,6,-0.492,-0.492,0,263,262,0,0,1,1
UnContig_3257,AUT19029,CT,20,-0.493,-0.493,0,151,168,0,0,1,1
UnContig_3270,RM18962,CAT,7,-0.491,-0.491,0,223,222,0,0,1,1
UnContig_3279,RGNMS2921,TATG,5,-0.482,-0.482,0,205,211,0,0,1,1
UnContig_3337,RGNMS2353,TA,16,-0.495,-0.495,1,390,392,0,0,1,1
UnContig_3488,RM3735,GA,16,-0.495,-0.495,0,130,138,0,0,1,1
UnContig_3491,RM4499,TA,20,-0.491,-0.491,0,104,134,0,0,1,1
UnContig_3491,AUT13285,TA,26,-0.491,-0.491,0,134,175,0,0,1,1
UnContig_3493,RM12369,AG,15,-0.463,-0.463,0,517,514,0,0,1,1
UnContig_3493,RM12370,AT,16,-0.466,-0.466,0,315,316,0,0,1,1
UnContig_3493,RM12371,TA,28,-0.466,-0.466,0,429,457,0,0,0,0
UnContig_3493,RM12373,GCC,7,-0.467,-0.467,0,143,142,0,0,1,1
UnContig_3493,AUT12372,GA,15,-0.466,-0.466,0,155,152,0,0,1,0
UnContig_357,RM20094,AT,18,-0.491,-0.491,0,317,290,0,0,0,0
UnContig_3597,RM17984,GCG,7,-0.49,-0.49,0,180,179,0,0,1,1
UnContig_3597,RM17985,CCTC,5,-0.495,-0.495,0,179,182,0,0,1,1
UnContig_3650,RM21770,AT,39,-0.489,-0.489,1,202,193,0,0,0,0
UnContig_3668,RM7030,AAAT,8,-0.495,-0.495,0,70,78,0,0,1,1
UnContig_3687,RM6786,TCG,8,-0.495,-0.495,0,128,149,0,0,1,1
UnContig_3687,RM10427,GCG,7,-0.494,-0.494,0,114,116,0,0,1,1
UnContig_3687,AUT10428,GGC,7,-0.495,-0.495,0,246,266,0,0,1,1
UnContig_3687,AUT10429,ACG,8,-0.495,-0.495,0,246,266,0,0,1,1
UnContig_3698,RM18123,TA,10,-0.487,-0.486,1,648,600,0,0,0,0
UnContig_3698,RM18124,TA,11,-0.487,-0.486,1,648,600,0,0,0,0
UnContig_3765,RM12921,CT,40,-0.494,-0.494,0,239,268,0,0,0,0
UnContig_3783,RM3594,GA,12,-0.494,-0.494,0,122,124,0,0,1,1
UnContig_3783,AUT13100,TC,12,-0.494,-0.494,0,279,280,0,0,1,1
UnContig_3790,RM6378,GAA,19,-0.475,-0.475,0,143,167,0,0,1,1
UnContig_3790,RM3387,CT,16,-0.488,-0.488,0,142,146,0,0,1,1
UnContig_3790,RM7332,ACAT,11,-0.492,-0.492,0,215,205,0,0,0,0
UnContig_3790,RM14262,GA,11,-0.482,-0.482,0,170,169,0,0,1,1
UnContig_3790,AUT14263,CT,17,-0.486,-0.486,0,199,198,0,0,1,1
UnContig_3790,AUT14264,CT,12,-0.488,-0.488,0,144,139,0,0,1,1
UnContig_3790,AUT12665,GAA,19,-0.475,-0.475,0,143,166,0,0,1,1
UnContig_3790,AUT14268,ACAT,12,-0.492,-0.492,0,245,238,0,0,0,0
UnContig_3790,AUT14269,AT,22,-0.492,-0.492,0,245,238,0,0,0,0
UnContig_3790,RGNMS902,AT,43,-0.475,-0.475,0,240,260,0,0,1,1
UnContig_3790,RGNMS1361,CCT,10,-0.492,-0.492,0,304,304,0,0,0,0
UnContig_3808,RM5503,TC,27,-0.491,-0.491,0,171,200,0,0,1,1
UnContig_3808,RM3217,CT,12,-0.486,-0.486,0,188,194,0,0,1,1
UnContig_3808,RM14701,TA,15,-0.483,-0.483,0,231,246,0,0,1,1
UnContig_3844,RM11593,CT,11,-0.494,-0.494,0,171,172,0,0,1,1
UnContig_3844,RM11594,ATCT,5,-0.491,-0.491,1,357,311,0,0,0,1
UnContig_386,RM7585,TCTT,6,-0.493,-0.493,0,153,157,0,0,1,1
UnContig_386,RGNMS1725,CT,17,-0.493,-0.493,0,148,160,0,0,1,1
UnContig_388,RM13587,CCG,7,-0.493,-0.493,0,196,158,0,0,1,1
UnContig_4006,AUT13153,GAA,16,-0.495,-0.494,1,291,260,0,0,1,1
UnContig_4086,RM8274,GT,7,-0.49,-0.49,0,184,186,0,0,1,1
UnContig_4086,RM8274,GA,6,-0.49,-0.49,0,184,186,0,0,1,1
UnContig_4086,RM15982,TTC,8,-0.487,-0.487,0,212,185,0,0,1,1
UnContig_4102,RM11520,GGT,7,-0.488,-0.488,0,508,478,0,0,1,1
UnContig_4102,RM11521,TGC,8,-0.489,-0.489,0,174,176,0,0,1,1
UnContig_4102,RM11522,TAC,17,-0.493,-0.493,0,361,375,0,0,1,1
UnContig_4106,RM10348,TGC,9,-0.494,-0.494,0,189,188,0,0,1,1
UnContig_4106,RM10349,GGA,7,-0.494,-0.494,0,268,263,0,0,1,1
UnContig_414,RM13584,AT,41,-0.489,-0.489,0,249,286,0,0,0,0
UnContig_414,RM13701,AAAT,5,-0.482,-0.482,0,214,213,0,0,1,1
UnContig_414,RM13702,GA,12,-0.484,-0.484,0,181,152,0,0,1,1
UnContig_4190,RM15475,TA,31,-0.491,-0.491,0,339,354,0,0,0,0
UnContig_4190,RM15478,AT,23,-0.493,-0.493,0,228,263,0,0,1,1
UnContig_4233,RM10121,AT,10,-0.485,-0.485,0,271,295,0,0,0,0
UnContig_4233,RM10122,GCG,7,-0.482,-0.482,0,179,178,0,0,1,1
UnContig_4233,RM10123,CTC,8,-0.478,-0.478,0,153,159,0,0,1,1
UnContig_4233,RM12497,TG,19,-0.489,-0.489,0,257,265,0,0,1,1
UnContig_4233,RM12495,TC,19,-0.494,-0.494,0,118,129,0,0,1,1
UnContig_4233,RM12496,GCG,7,-0.491,-0.491,0,189,188,0,0,1,1
UnContig_4233,RGNMS575,CCCT,5,-0.494,-0.494,0,168,178,0,0,1,1
UnContig_4255,RM10525,TGG,10,-0.495,-0.495,0,361,360,0,0,1,0
UnContig_4255,RM10526,ATCT,5,-0.495,-0.495,0,174,173,0,0,1,1
UnContig_4335,RM8119,AGA,8,-0.495,-0.495,0,187,190,0,0,1,1
UnContig_4335,RM8119,AGA,5,-0.495,-0.495,0,187,190,0,0,1,1
UnContig_4341,RM6111,CGC,8,-0.483,-0.483,1,92,94,0,0,1,1
UnContig_4341,RGNMS2639,CCT,9,-0.483,-0.483,1,145,145,0,0,1,1
UnContig_435,AUT12915,CTA,8,-0.484,-0.484,0,253,217,0,0,1,1
UnContig_4350,RM6773,TCC,8,-0.495,-0.495,0,108,111,0,0,1,1
UnContig_4389,RM10137,CCG,7,-0.491,-0.491,0,176,181,0,0,1,1
UnContig_4389,RM10138,TA,10,-0.489,-0.489,0,402,413,0,0,0,0
UnContig_4389,RM11824,TG,10,-0.469,-0.469,0,113,116,0,0,1,1
UnContig_4389,RM11825,GCA,7,-0.467,-0.467,0,91,90,0,0,1,1
UnContig_4389,RGNMS389,CGC,8,-0.467,-0.467,0,110,109,0,0,1,1
UnContig_4389,RGNMS420,TCT,8,-0.467,-0.467,0,112,111,0,0,1,1
UnContig_4389,RGNMS1161,AT,13,-0.492,-0.492,0,249,249,0,0,1,1
UnContig_4395,RM18824,AG,12,-0.494,-0.494,0,392,399,0,0,1,1
UnContig_4490,RM16112,AG,20,-0.495,-0.495,0,268,281,0,0,1,1
UnContig_4502,RM14384,TTG,7,-0.487,-0.487,0,199,196,0,0,1,1
UnContig_4502,RM14385,AAG,9,-0.49,-0.49,0,389,398,0,0,1,1
UnContig_4502,RM14387,CGC,8,-0.493,-0.493,0,381,386,0,0,1,1
UnContig_4502,RM14389,ATTA,5,-0.494,-0.494,0,226,217,0,0,1,1
UnContig_4502,RGNMS1201a,CAG,7,-0.487,-0.487,0,397,394,0,0,1,1
UnContig_4502,RGNMS1282b,TGG,7,-0.487,-0.487,0,332,327,0,0,1,1
UnContig_4502,RGNMS1347,CCT,7,-0.487,-0.487,0,397,394,0,0,1,1
UnContig_4523,RM3486,CT,23,-0.493,-0.493,2,64,98,0,0,1,1
UnContig_4598,RM15728,CCT,7,-0.49,-0.49,0,209,211,0,0,1,1
UnContig_4598,RM15729,CGC,8,-0.492,-0.492,0,94,99,0,0,1,1
UnContig_4640,RM13355,CA,10,-0.492,-0.492,0,288,287,0,0,1,1
UnContig_4640,RGNMS794,TC,12,-0.493,-0.493,1,185,196,0,0,1,1
UnContig_4647,RM1061,AC,18,-0.495,-0.495,0,91,109,0,0,1,1
UnContig_4647,AUT11621,TG,18,-0.495,-0.495,0,166,183,0,0,1,1
UnContig_4647,RGNMS118a,CT,13,-0.494,-0.494,0,216,216,0,0,1,1
UnContig_4647,RGNMS139,AC,13,-0.495,-0.494,0,376,375,0,0,1,1
UnContig_4647,RM11620,AT,22,-0.495,-0.495,1,309,278,0,0,1,1
UnContig_4647,RGNMS259,AG,13,-0.495,-0.495,1,313,283,0,0,1,1
UnContig_4647,RGNMS1329,ATGG,5,-0.495,-0.495,1,313,283,0,0,1,1
UnContig_4670,RM15645,CGC,8,-0.477,-0.477,0,393,387,0,0,1,1
UnContig_4670,RGNMS1167,CT,10,-0.477,-0.477,0,391,380,0,0,1,1
UnContig_4717,RM5300,TC,12,-0.494,-0.494,0,184,188,0,0,1,1
UnContig_4717,RGNMS531,CCG,7,-0.494,-0.494,0,313,312,0,0,1,1
UnContig_4717,RM1092,AG,12,-0.493,-0.493,1,180,192,0,0,1,1
UnContig_4717,AUT14093,AG,12,-0.493,-0.493,1,262,273,0,0,1,1
UnContig_4748,RM19242,TCT,9,-0.494,-0.494,0,273,275,0,0,1,1
UnContig_4779,RM14921,AAT,7,-0.49,-0.49,0,219,218,0,0,1,1
UnContig_478,RM5946,CAC,8,-0.491,-0.491,0,169,169,0,0,1,1
UnContig_478,AUT19124,GGT,8,-0.491,-0.491,0,179,178,0,0,1,1
UnContig_478,RM20235,CT,10,-0.483,-0.483,0,152,153,0,0,1,1
UnContig_478,RM20236,AG,10,-0.481,-0.481,0,128,123,0,0,1,1
UnContig_478,RM20237,AT,10,-0.481,-0.481,0,160,162,0,0,0,0
UnContig_478,RM20368,AG,37,-0.488,-0.488,0,140,166,0,0,1,1
UnContig_478,RGNMS2110,ATA,23,-0.488,-0.488,1,374,358,0,0,1,0
UnContig_4792,RM5800,AGG,8,-0.483,-0.483,0,230,217,0,0,1,1
UnContig_4792,RM10463,CTC,7,-0.484,-0.484,0,171,170,0,0,1,1
UnContig_4792,RM10465,TGC,7,-0.485,-0.485,0,82,81,0,0,1,1
UnContig_4792,RM10466,GAT,7,-0.487,-0.487,0,115,114,0,0,1,1
UnContig_4792,AUT10462,CTC,8,-0.483,-0.483,0,158,144,0,0,1,1
UnContig_4792,AUT10464,ACA,14,-0.485,-0.485,0,128,148,0,0,1,1
UnContig_4792,RGNMS147,ATAC,9,-0.485,-0.485,0,122,122,0,0,1,1
UnContig_4792,RGNMS163,CCG,8,-0.484,-0.484,0,167,165,0,0,1,1
UnContig_4792,RGNMS282,AT,11,-0.487,-0.487,0,346,341,0,0,1,1
UnContig_4806,RM6083,CCT,9,-0.495,-0.495,0,130,131,0,0,1,1
UnContig_4810,RM5749,ACT,8,-0.488,-0.488,0,122,162,0,0,1,0
UnContig_4810,RM20375,CT,14,-0.493,-0.493,0,394,391,0,0,1,1
UnContig_4810,RM20377,CT,33,-0.491,-0.491,0,268,279,0,0,1,1
UnContig_4810,RM20373,ATTC,5,-0.493,-0.493,0,78,85,0,0,1,1
UnContig_4810,RM20374,GA,10,-0.493,-0.493,0,383,382,0,0,1,1
UnContig_4810,RM20378,AT,13,-0.491,-0.491,0,287,288,0,0,0,0
UnContig_4810,RM20380,GCG,7,-0.489,-0.489,0,151,150,0,0,1,1
UnContig_4810,AUT20379,CT,13,-0.491,-0.491,0,89,88,0,0,0,0
UnContig_4810,RM3643,GA,14,-0.488,-0.488,1,129,131,0,0,1,1
UnContig_4823,RM16194,AAG,10,-0.492,-0.492,0,263,253,0,0,1,1
UnContig_4892,RM15447,CT,17,-0.495,-0.495,0,103,104,0,0,1,1
UnContig_490,RM13938,CT,14,-0.492,-0.492,0,136,151,0,0,1,1
UnContig_4914,RM18774,GAG,7,-0.495,-0.495,0,90,89,0,0,1,1
UnContig_4946,RM18506,CT,11,-0.495,-0.495,0,180,175,0,0,1,1
UnContig_4949,RM19248,GGC,8,-0.493,-0.493,0,111,116,0,0,1,1
UnContig_499,RM11903,TA,11,-0.481,-0.481,0,606,612,0,0,1,1
UnContig_5043,RM13377,GA,10,-0.495,-0.495,0,83,96,0,0,1,1
UnContig_5070,RM15544,AGAT,5,-0.494,-0.494,0,299,298,0,0,1,1
UnContig_5070,RM15547,AG,14,-0.493,-0.493,0,81,80,0,0,1,1
UnContig_5070,RM15548,TG,10,-0.493,-0.493,0,157,156,0,0,1,1
UnContig_5070,RM15551,CT,10,-0.49,-0.49,0,167,166,0,0,1,1
UnContig_5070,RM15552,CT,10,-0.49,-0.49,0,432,431,0,0,1,1
UnContig_5070,RM15553,GA,12,-0.489,-0.489,0,128,127,0,0,1,1
UnContig_5070,RM15555,AG,17,-0.487,-0.487,0,184,185,0,0,1,1
UnContig_510,RM16045,CGG,7,-0.495,-0.495,0,293,307,0,0,1,1
UnContig_5110,RM15657,GA,11,-0.493,-0.493,0,301,298,0,0,1,1
UnContig_5142,RM11509,CT,15,-0.494,-0.494,0,75,86,0,0,1,1
UnContig_5142,RM11511,GCC,7,-0.491,-0.491,0,168,166,0,0,1,1
UnContig_5144,RM10503,CGAT,5,-0.495,-0.495,0,151,150,0,0,1,1
UnContig_516,RM16101,TCC,8,-0.495,-0.495,0,237,236,0,0,1,1
UnContig_5164,RM16211,AAG,17,-0.493,-0.493,0,219,230,0,0,1,1
UnContig_5169,RM18496,ATAG,5,-0.494,-0.494,0,162,165,0,0,1,1
UnContig_5179,RM18671,AG,13,-0.495,-0.495,0,299,299,0,0,1,1
UnContig_5179,RM18672,ATC,7,-0.495,-0.495,0,127,126,0,0,1,1
UnContig_5179,AUT18670,GGAT,6,-0.495,-0.495,0,429,436,0,0,1,1
UnContig_5207,RGNMS941,ATTA,6,-0.492,-0.492,0,280,276,0,0,1,1
UnContig_5207,RGNMS1257,CTCTC,5,-0.492,-0.492,0,245,246,0,0,1,1
UnContig_521,RM11601,AG,10,-0.489,-0.489,0,386,388,0,0,1,0
UnContig_521,RGNMS196,TC,14,-0.494,-0.494,0,244,242,0,0,1,1
UnContig_521,RGNMS268b,AT,14,-0.494,-0.494,0,399,399,0,0,1,1
UnContig_5225,RM16066,GAT,7,-0.493,-0.493,0,189,191,0,0,1,1
UnContig_5275,RM10043,GCC,7,-0.495,-0.495,0,188,187,0,0,1,1
UnContig_5282,RM11540,GGC,7,-0.495,-0.495,0,196,195,0,0,1,1
UnContig_53,RM3777,GA,18,-0.494,-0.494,0,189,189,0,0,1,1
UnContig_53,MRG2777.RGP2777,GA,18,-0.494,-0.494,0,172,172,0,0,1,1
UnContig_53,AUT17971,TC,18,-0.494,-0.494,0,192,191,0,0,1,1
UnContig_5313,RM12288,AAG,7,-0.491,-0.491,0,203,202,0,0,1,1
UnContig_5313,RM12289,CGGC,5,-0.491,-0.491,0,108,107,0,0,1,1
UnContig_5313,RM12292,TA,38,-0.49,-0.49,0,415,449,0,0,0,0
UnContig_5348,RM3138,CA,16,-0.476,-0.476,0,120,105,0,0,1,0
UnContig_5348,RM11238,GAG,8,-0.486,-0.486,0,127,127,0,0,0,0
UnContig_5348,RM20618,GAC,7,-0.475,-0.475,0,171,170,0,0,1,1
UnContig_5348,RM20620,GATC,5,-0.478,-0.478,0,200,199,0,0,1,1
UnContig_5348,RM20621,TTTG,6,-0.48,-0.48,0,182,189,0,0,1,1
UnContig_5348,RM20622,ATA,7,-0.48,-0.48,0,371,375,0,0,1,1
UnContig_5348,RM20617,GCG,7,-0.475,-0.475,1,123,122,0,0,1,0
UnContig_54,RM13911,CCT,7,-0.491,-0.491,0,92,91,0,0,1,1
UnContig_5409,RM13475,CCT,7,-0.488,-0.488,0,224,226,0,0,1,1
UnContig_5511,RM10685,CGCA,5,-0.485,-0.485,0,164,163,0,0,1,1
UnContig_5511,RM10686,TC,10,-0.486,-0.486,0,123,173,0,0,0,0
UnContig_5511,RM14530,GGCC,5,-0.492,-0.492,0,93,92,0,0,1,1
UnContig_555,RM12439,ATG,12,-0.492,-0.492,0,372,386,0,0,1,1
UnContig_555,RM19980,AT,30,-0.485,-0.485,0,282,268,0,0,0,0
UnContig_5551,RM14005,TCC,7,-0.488,-0.488,0,94,93,0,0,1,1
UnContig_5552,RM13421,AAG,7,-0.488,-0.488,0,160,171,0,0,1,1
UnContig_5648,RM5305,TC,12,-0.488,-0.488,0,160,166,0,0,1,1
UnContig_5648,RM6200,CGG,8,-0.493,-0.493,0,81,87,0,0,1,1
UnContig_5648,RM13794,TA,26,-0.49,-0.49,0,136,185,0,0,1,1
UnContig_5648,AUT13793,TC,12,-0.488,-0.488,0,164,169,0,0,1,1
UnContig_5648,AUT19045,CGC,8,-0.493,-0.493,0,187,192,0,0,1,1
UnContig_5653,RM15333,TA,20,-0.485,-0.485,0,375,397,0,0,1,1
UnContig_5653,RGNMS24,AC,10,-0.494,-0.494,0,261,261,0,0,0,0
UnContig_5662,RM6775,TCC,8,-0.495,-0.495,0,174,192,0,0,1,1
UnContig_5662,AUT19231,TCC,8,-0.495,-0.495,0,165,182,0,0,1,1
UnContig_5719,RM7355,CTAC,7,-0.494,-0.494,0,190,191,0,0,1,0
UnContig_5719,AUT12751,GGTA,7,-0.494,-0.494,0,106,106,0,0,1,0
UnContig_5719,RGNMS600,AG,12,-0.494,-0.494,0,302,297,0,0,1,1
UnContig_5733,RM8103,ACA,6,-0.495,-0.495,0,132,132,0,0,1,1
UnContig_5733,RM8103,AGA,9,-0.495,-0.495,0,132,132,0,0,1,1
UnContig_5733,RM8140,ACA,6,-0.495,-0.495,0,115,115,0,0,1,1
UnContig_5733,RM8140,AGA,9,-0.495,-0.495,0,115,115,0,0,1,1
UnContig_5750,RM14100,TCT,7,-0.495,-0.495,0,88,87,0,0,1,1
UnContig_5784,RM5914,ATT,23,-0.493,-0.493,0,190,207,0,0,1,1
UnContig_5784,RM11674,CCT,9,-0.493,-0.493,0,224,231,0,0,0,1
UnContig_5784,AUT11673,ATA,24,-0.493,-0.493,0,190,209,0,0,1,1
UnContig_5813,RM5757,AGA,8,-0.469,-0.469,0,170,170,0,0,1,1
UnContig_5813,RM5804,AGG,8,-0.492,-0.492,0,154,154,0,0,1,1
UnContig_5813,AUT13605,CCT,8,-0.492,-0.492,0,83,82,0,0,1,1
UnContig_5813,RGNMS1498,CGG,8,-0.467,-0.467,0,237,232,0,0,1,0
UnContig_5821,RM12244,TCA,7,-0.493,-0.493,0,228,227,0,0,0,0
UnContig_5864,RGNMS251,TTGA,5,-0.494,-0.494,1,190,193,0,0,1,1
UnContig_591,RGNMS79,TC,10,-0.495,-0.495,0,160,160,0,0,1,1
UnContig_591,RGNMS194,TACA,7,-0.495,-0.495,0,160,160,0,0,1,1
UnContig_591,RGNMS393,GA,10,-0.495,-0.495,0,137,137,0,0,1,1
UnContig_5952,RM5463,TC,19,-0.495,-0.495,0,184,176,0,0,1,1
UnContig_5952,MRG4463.RGP4463,TC,19,-0.495,-0.495,0,145,137,0,0,1,1
UnContig_5952,AUT20748,TC,19,-0.495,-0.495,0,401,387,0,0,1,1
UnContig_5962,RM13656,CT,12,-0.488,-0.488,0,121,120,0,0,1,1
UnContig_5962,RM13657,GCC,8,-0.488,-0.488,0,93,95,0,0,1,1
UnContig_5976,RM19670,CGC,9,-0.487,-0.487,0,216,230,0,0,1,1
UnContig_5976,RM19673,CCG,7,-0.494,-0.494,0,481,490,0,0,1,0
UnContig_599,RM12764,CGC,7,-0.495,-0.495,0,369,368,0,0,1,1
UnContig_6092,RM11133,ATTA,7,-0.493,-0.493,0,163,162,0,0,1,1
UnContig_6092,RM11134,ATT,26,-0.493,-0.493,0,277,288,0,0,1,1
UnContig_6092,RM11135,TTA,18,-0.491,-0.491,0,234,251,0,0,1,1
UnContig_6092,RM11136,AT,10,-0.491,-0.491,0,285,284,0,0,0,0
UnContig_6115,AUT14024,AG,27,-0.487,-0.487,0,162,187,0,0,1,1
UnContig_6132,AUT20472,GGA,10,-0.491,-0.491,0,81,98,0,0,1,1
UnContig_6186,AUT10306,GA,39,-0.495,-0.495,0,281,273,0,0,0,0
UnContig_6194,RM5344,TC,13,-0.484,-0.484,1,106,116,0,0,1,1
UnContig_6194,AUT20924,TC,13,-0.484,-0.484,1,170,179,0,0,1,1
UnContig_6198,RM13042,TA,13,-0.495,-0.495,0,185,204,0,0,1,1
UnContig_6273,RM13295,ATCT,6,-0.495,-0.495,0,164,167,0,0,1,1
UnContig_6404,RGNMS289,GTA,17,-0.49,-0.49,1,277,316,0,0,0,0
UnContig_6432,RM17766,CGG,7,-0.494,-0.494,0,177,180,0,0,1,1
UnContig_6432,RM17771,GT,20,-0.489,-0.489,0,241,256,0,0,1,1
UnContig_6432,RM17773,CT,10,-0.489,-0.489,0,98,98,0,0,1,0
UnContig_6432,AUT17767,CT,15,-0.492,-0.492,0,384,389,0,0,1,1
UnContig_6444,RM13194,TA,11,-0.488,-0.488,0,483,488,0,0,1,1
UnContig_6452,RM18601,TA,13,-0.494,-0.494,0,263,272,0,0,1,1
UnContig_6452,RM18602,GA,11,-0.494,-0.494,0,158,159,0,0,1,1
UnContig_6467,RM10105,AC,11,-0.491,-0.491,0,153,154,0,0,1,1
UnContig_6467,RM10106,CTT,9,-0.492,-0.492,0,191,198,0,0,1,1
UnContig_6492,RM15045,CTG,7,-0.494,-0.494,0,126,128,0,0,1,1
UnContig_6496,AUT20644,AG,14,-0.49,-0.49,0,283,288,0,0,1,1
UnContig_6526,RM14095,TAAT,5,-0.494,-0.494,0,237,243,0,0,1,1
UnContig_6565,RM18069,TCC,7,-0.495,-0.495,0,278,277,0,0,1,1
UnContig_6631,AUT12286,GAA,11,-0.493,-0.493,0,184,189,0,0,1,1
UnContig_6631,RM6831,TCT,11,-0.493,-0.493,1,145,157,0,0,1,0
UnContig_6631,RGNMS487a,AGA,9,-0.491,-0.491,1,210,243,0,0,1,0
UnContig_6631,RM12283,AGG,7,-0.489,-0.489,2,123,122,0,0,1,0
UnContig_6652,RM17908,CCT,7,-0.486,-0.487,0,97,93,0,0,1,1
UnContig_6652,RM17910,GCG,7,-0.491,-0.491,0,179,181,0,0,1,1
UnContig_6652,RM17913,GGC,7,-0.493,-0.493,0,614,612,0,0,1,0
UnContig_6652,RM17914,CT,10,-0.494,-0.494,0,92,97,0,0,1,1
UnContig_6652,RM17915,GGC,8,-0.495,-0.495,0,96,95,0,0,1,1
UnContig_6659,RM10302,AGC,7,-0.495,-0.495,0,284,283,0,0,1,1
UnContig_6710,RM17855,TGC,7,-0.486,-0.486,0,85,84,0,0,1,1
UnContig_6710,RM19424,AAAG,5,-0.489,-0.489,0,216,215,0,0,1,1
UnContig_6720,RM5903,ATT,18,-0.489,-0.489,0,185,176,0,0,1,1
UnContig_6720,AUT14959,TAA,18,-0.489,-0.489,0,242,232,0,0,1,1
UnContig_6720,RM14960,CGA,7,-0.488,-0.488,1,198,192,0,0,1,1
UnContig_6723,RM14803,GGC,7,-0.491,-0.491,0,235,255,0,0,1,1
UnContig_6723,RM20163,GA,14,-0.483,-0.483,0,182,183,0,0,1,1
UnContig_6723,RM20489,GA,11,-0.486,-0.486,0,257,265,0,0,1,1
UnContig_6723,RM20490,CATC,5,-0.487,-0.487,0,179,182,0,0,1,1
UnContig_6723,RGNMS2164,GA,11,-0.486,-0.486,0,208,205,0,0,1,1
UnContig_6723,RGNMS2187,CT,11,-0.486,-0.486,0,200,206,0,0,1,1
UnContig_6745,RM20285,TA,10,-0.488,-0.488,1,195,199,0,0,1,1
UnContig_6746,RM13244,TA,17,-0.492,-0.492,0,113,132,0,0,1,1
UnContig_6746,RGNMS893,CCG,8,-0.484,-0.484,0,141,142,0,0,0,0
UnContig_6778,RM19258,GATC,5,-0.495,-0.495,0,277,272,0,0,1,1
UnContig_68,RM15753,CCT,7,-0.495,-0.495,0,134,133,0,0,1,1
UnContig_68,RGNMS1306,GA,25,-0.491,-0.491,0,223,222,0,0,1,1
UnContig_68,RGNMS1411,AT,25,-0.491,-0.491,0,252,251,0,0,1,1
UnContig_691,RM20085,CCT,10,-0.494,-0.494,0,476,482,0,0,1,1
UnContig_691,RGNMS2116,CGC,7,-0.49,-0.49,0,237,237,0,0,1,1
UnContig_6918,RM15858,CTG,7,-0.494,-0.494,0,182,181,0,0,1,1
UnContig_6954,RM11366,GGA,8,-0.494,-0.494,0,178,174,0,0,1,1
UnContig_6954,RM11368,TCC,10,-0.492,-0.492,0,262,219,0,0,1,1
UnContig_6954,RM11369,CTT,7,-0.492,-0.492,0,262,219,0,0,1,1
UnContig_6954,RM11365,CGCA,5,-0.494,-0.494,1,245,252,0,0,0,1
UnContig_7002,RM5963,CAG,9,-0.495,-0.495,0,169,196,0,0,1,1
UnContig_7002,RM19763,CTC,8,-0.495,-0.495,0,169,165,0,0,1,1
UnContig_7002,MRG4963.IRRI4963,CAG,9,-0.495,-0.495,0,78,87,0,0,1,1
UnContig_7002,AUT19764,CTG,9,-0.495,-0.495,0,81,89,0,0,1,1
UnContig_7013,RM19679,CGC,7,-0.489,-0.489,0,281,246,0,0,1,0
UnContig_7045,RM1118,AG,12,-0.487,-0.487,0,170,170,0,0,1,0
UnContig_7045,RM10334,AG,11,-0.485,-0.485,0,520,523,0,0,0,0
UnContig_7045,AUT10336,AG,12,-0.487,-0.487,0,171,170,0,0,1,0
UnContig_7056,RM13817,AG,11,-0.494,-0.494,0,254,253,0,0,1,1
UnContig_708,RM11950,GA,28,-0.49,-0.49,0,369,388,0,0,1,1
UnContig_708,RM11951,CGC,7,-0.49,-0.49,0,369,388,0,0,1,1
UnContig_708,AUT11949,CT,21,-0.489,-0.489,0,269,264,0,0,1,1
UnContig_708,RGNMS416,CT,21,-0.489,-0.489,1,363,353,0,0,1,0
UnContig_7082,RM19996,GAG,7,-0.489,-0.489,0,131,130,0,0,1,1
UnContig_7126,RM3836,GA,22,-0.49,-0.49,0,106,126,0,0,1,1
UnContig_7130,RM14645,TC,18,-0.494,-0.494,0,237,248,0,0,1,0
UnContig_7130,RGNMS1342,CCA,9,-0.494,-0.494,0,322,329,0,0,1,0
UnContig_7141,RM20146,ATCG,5,-0.495,-0.495,0,115,114,0,0,1,1
UnContig_7147,RM11940,CGG,7,-0.495,-0.495,0,162,161,0,0,1,1
UnContig_7150,RM14333,AT,12,-0.494,-0.494,0,388,384,0,0,1,1
UnContig_7191,AUT16139,TC,15,-0.492,-0.492,0,142,153,0,0,1,1
UnContig_7230,RM10754,CGAT,5,-0.494,-0.494,0,136,135,0,0,1,1
UnContig_7230,RM10750,AT,13,-0.491,-0.491,1,481,490,0,0,0,0
UnContig_7248,RM19386,GCG,8,-0.48,-0.48,0,272,274,0,0,1,1
UnContig_7248,RM19387,TACA,7,-0.486,-0.486,0,240,191,0,0,0,0
UnContig_7248,RM19388,CGA,7,-0.485,-0.485,0,94,93,0,0,1,1
UnContig_7248,RM19389,TC,10,-0.482,-0.482,0,345,345,0,0,1,1
UnContig_7283,RM19034,CT,13,-0.494,-0.494,0,117,120,0,0,1,1
UnContig_7295,RM11381,GCCA,5,-0.495,-0.495,0,169,168,0,0,1,1
UnContig_733,RM15171,CCG,7,-0.489,-0.489,1,323,325,0,0,1,1
UnContig_7391,RM19285,AG,18,-0.495,-0.495,0,257,242,0,0,1,1
UnContig_7407,RM13002,TAA,8,-0.493,-0.493,0,427,386,0,0,0,0
UnContig_7521,RGNMS1627,CCT,10,-0.495,-0.495,1,338,356,0,0,0,0
UnContig_7654,RM19296,TG,15,-0.491,-0.491,1,252,260,0,0,1,1
UnContig_7654,RM19297,TCGA,5,-0.491,-0.491,1,124,124,0,0,1,1
UnContig_7654,RM19301,CTC,7,-0.494,-0.494,1,121,129,0,0,1,1
UnContig_7655,RM3126,CA,13,-0.479,-0.479,0,109,117,0,0,1,1
UnContig_7655,RM14452,CTC,7,-0.466,-0.466,0,148,147,0,0,1,1
UnContig_7655,RM20361,CT,11,-0.459,-0.459,0,187,170,0,0,1,1
UnContig_7655,RM20363,GGA,7,-0.461,-0.461,0,80,79,0,0,1,1
UnContig_7655,AUT14450,CA,14,-0.479,-0.479,0,245,254,0,0,1,1
UnContig_7655,RGNMS1178,TGT,7,-0.466,-0.466,0,291,286,0,0,1,1
UnContig_7655,RGNMS1254,ATATT,8,-0.466,-0.466,0,171,162,0,0,1,1
UnContig_7655,RGNMS1580,AGATT,6,-0.48,-0.48,0,104,103,0,0,1,1
UnContig_7655,RGNMS1661,AT,19,-0.485,-0.485,0,234,231,0,0,1,1
UnContig_7655,RGNMS1689,GAC,7,-0.48,-0.48,0,104,103,0,0,1,1
UnContig_7655,RM22419,GGAT,5,-0.448,-0.448,1,189,192,0,0,0,0
UnContig_7670,RM8211,TGA,10,-0.487,-0.487,0,149,167,0,0,1,0
UnContig_7670,RM3703,GA,15,-0.478,-0.478,0,108,124,0,0,1,1
UnContig_7670,RM12531,CTC,7,-0.482,-0.482,0,182,181,0,0,1,1
UnContig_7670,RM12535,GCG,7,-0.479,-0.479,0,222,218,0,0,1,1
UnContig_7670,RM12536,CTCG,5,-0.478,-0.478,0,189,189,0,0,1,1
UnContig_7670,RM18599,GGA,8,-0.485,-0.485,0,89,85,0,0,1,1
UnContig_7670,AUT18598,TGA,10,-0.487,-0.487,0,102,119,0,0,1,0
UnContig_7670,RM12056,CCG,7,-0.492,-0.492,1,180,179,0,0,1,1
UnContig_7686,RM18213,GA,10,-0.491,-0.491,0,301,270,0,0,1,1
UnContig_7710,RM12083,TC,10,-0.488,-0.488,0,148,157,0,0,1,1
UnContig_7710,AUT12084,AG,11,-0.494,-0.494,0,104,99,0,0,1,0
UnContig_7740,RM1211,AG,14,-0.492,-0.492,0,206,213,0,0,1,1
UnContig_7740,MRG0211.IRRI0211,AG,14,-0.492,-0.492,0,154,162,0,0,1,1
UnContig_7740,AUT13281,AG,14,-0.492,-0.492,0,146,153,0,0,1,1
UnContig_7764,RM1255,AG,16,-0.483,-0.483,0,132,116,0,0,1,1
UnContig_7764,RM12594,CTCG,5,-0.49,-0.49,0,98,95,0,0,1,1
UnContig_7764,RM12595,GA,13,-0.494,-0.494,0,145,148,0,0,1,1
UnContig_7764,RM14189,CGG,8,-0.485,-0.485,0,90,86,0,0,1,1
UnContig_7764,RM14190,TCG,7,-0.483,-0.483,0,136,135,0,0,1,1
UnContig_7764,AUT14191,AG,16,-0.483,-0.483,0,187,170,0,0,1,1
UnContig_7877,RM2634,AT,31,-0.493,-0.493,0,122,154,0,0,0,0
UnContig_7877,AUT13394,ATAA,5,-0.493,-0.493,0,357,392,0,0,0,0
UnContig_7877,AUT13395,AT,33,-0.493,-0.493,0,357,392,0,0,0,0
UnContig_7902,RM15338,TCT,11,-0.495,-0.495,0,283,279,0,0,0,0
UnContig_791,RM11498,GAG,9,-0.495,-0.495,0,174,173,0,0,1,1
UnContig_7937,RM3322,CT,14,-0.495,-0.495,0,125,121,0,0,1,1
UnContig_7937,AUT17976,CT,14,-0.495,-0.495,0,106,101,0,0,1,0
UnContig_7957,RM13025,TCTG,8,-0.491,-0.491,0,267,278,0,0,1,1
UnContig_7957,RM13026,CA,18,-0.493,-0.493,0,221,226,0,0,1,1
UnContig_7957,RM13027,CT,11,-0.494,-0.494,0,336,339,0,0,1,1
UnContig_7957,RM13028,CA,12,-0.494,-0.494,0,336,339,0,0,1,1
UnContig_8049,RM15155,CT,16,-0.495,-0.495,0,269,283,0,0,1,1
UnContig_8068,RM6275,CTG,8,-0.493,-0.493,0,155,161,0,0,1,1
UnContig_8068,RM6493,GCG,8,-0.491,-0.491,0,177,177,0,0,1,1
UnContig_8068,RM11858,GGC,7,-0.488,-0.488,0,341,343,0,0,0,0
UnContig_8068,RM11859,GTG,7,-0.487,-0.487,0,74,70,0,0,1,1
UnContig_8068,RM20266,GCT,7,-0.47,-0.47,0,268,267,0,0,1,0
UnContig_8068,AUT12758,GCG,8,-0.491,-0.491,0,195,194,0,0,1,1
UnContig_8068,AUT12760,CTG,8,-0.493,-0.493,0,290,295,0,0,1,1
UnContig_8068,AUT12761,CT,11,-0.495,-0.495,0,287,282,0,0,1,1
UnContig_8106,RM7405,GATG,8,-0.485,-0.485,0,93,109,0,0,0,0
UnContig_8106,RM3341,CT,15,-0.487,-0.487,0,133,145,0,0,1,1
UnContig_8106,RM1196,AG,14,-0.485,-0.485,0,185,187,0,0,1,1
UnContig_8106,RM11203,GAA,14,-0.485,-0.485,0,212,193,0,0,0,0
UnContig_8106,RM13819,TC,20,-0.477,-0.477,0,123,120,0,0,1,1
UnContig_8106,RM13820,TCGA,5,-0.476,-0.476,0,132,131,0,0,1,1
UnContig_8106,RM14841,TCGA,5,-0.491,-0.491,0,142,141,0,0,1,1
UnContig_8106,AUT11201,GA,15,-0.487,-0.487,0,185,196,0,0,1,1
UnContig_8106,AUT11204,GATG,8,-0.485,-0.485,0,84,99,0,0,0,0
UnContig_8106,AUT11205,AG,14,-0.485,-0.485,0,434,435,0,0,0,0
UnContig_8106,RGNMS505,TAAT,8,-0.477,-0.477,0,201,198,0,0,0,0
UnContig_8106,RGNMS677,GCG,7,-0.477,-0.477,0,201,198,0,0,0,0
UnContig_8106,RGNMS745,TC,16,-0.477,-0.477,0,390,382,0,0,1,1
UnContig_8106,RM13821,TA,34,-0.476,-0.476,1,341,320,0,0,0,0
UnContig_8106,RM13822,AG,13,-0.476,-0.476,1,341,320,0,0,0,0
UnContig_8106,AUT14838,TA,30,-0.494,-0.494,1,409,429,0,0,0,0
UnContig_8106,AUT14839,TG,16,-0.494,-0.494,1,409,429,0,0,0,0
UnContig_8162,RM7051,AATC,7,-0.483,-0.483,0,164,176,0,0,1,1
UnContig_8162,RM10660,CTAG,5,-0.494,-0.494,0,282,278,0,0,1,1
UnContig_8162,RM10661,TA,10,-0.493,-0.493,0,520,521,0,0,1,1
UnContig_8162,RM10662,CA,19,-0.493,-0.493,0,321,336,0,0,1,1
UnContig_8162,RGNMS1631,GT,13,-0.483,-0.483,0,163,164,0,0,1,1
UnContig_8269,RM19344,TG,12,-0.488,-0.488,0,147,171,0,0,0,0
UnContig_8269,RM19346,AG,10,-0.49,-0.49,0,279,268,0,0,1,1
UnContig_8269,RM19347,TG,11,-0.495,-0.495,0,149,153,0,0,1,1
UnContig_8369,RM7286,ATCT,16,-0.491,-0.491,0,88,133,0,0,1,1
UnContig_8400,RM5635,AAG,8,-0.491,-0.491,0,166,167,0,0,1,1
UnContig_8425,RM10819,TA,15,-0.477,-0.477,0,378,366,0,0,0,0
UnContig_8425,RM10820,AG,12,-0.48,-0.48,0,262,263,0,0,1,1
UnContig_8425,RM10821,CCG,7,-0.483,-0.483,0,185,184,0,0,1,1
UnContig_8425,RM10822,CCA,7,-0.484,-0.484,0,347,352,0,0,1,1
UnContig_8425,RM10823,CGG,9,-0.484,-0.484,0,347,352,0,0,1,1
UnContig_8441,RM18977,CGC,7,-0.495,-0.495,0,146,151,0,0,1,1
UnContig_8527,RM20257,AG,10,-0.492,-0.492,0,176,175,0,0,1,1
UnContig_8527,RM20258,GCG,8,-0.49,-0.49,0,200,199,0,0,1,1
UnContig_8552,RM11747,TC,10,-0.489,-0.489,0,186,187,0,0,1,1
UnContig_8552,RM11748,TC,12,-0.49,-0.49,0,175,179,0,0,1,1
UnContig_8552,RM11750,GCAT,5,-0.495,-0.495,1,88,91,0,0,1,1
UnContig_859,RM15767,CTC,11,-0.494,-0.494,0,268,284,0,0,1,1
UnContig_859,RM15768,CT,13,-0.494,-0.494,0,160,176,0,0,1,1
UnContig_859,RM15769,TGCG,5,-0.494,-0.494,0,125,124,0,0,1,1
UnContig_859,RM15770,CT,11,-0.492,-0.492,0,176,152,0,0,1,1
UnContig_859,RM15771,TA,11,-0.491,-0.491,0,282,262,0,0,1,1
UnContig_8590,RM1150,AG,13,-0.49,-0.49,0,145,147,0,0,1,0
UnContig_8590,RM12362,GAG,7,-0.481,-0.481,0,143,142,0,0,1,1
UnContig_8590,RM12363,GA,15,-0.479,-0.479,0,124,135,0,0,1,1
UnContig_8590,RM20705,GAG,8,-0.483,-0.483,0,134,136,0,0,1,1
UnContig_8590,AUT20704,CT,13,-0.49,-0.49,0,140,141,0,0,1,0
UnContig_8612,RM3319,CT,14,-0.495,-0.495,1,90,96,0,0,1,1
UnContig_8673,RM13956,CGG,7,-0.495,-0.495,0,272,265,0,0,1,0
UnContig_8688,RM18524,CCG,7,-0.493,-0.493,0,182,181,0,0,1,1
UnContig_8688,RM18525,CGC,7,-0.493,-0.493,0,187,186,0,0,1,1
UnContig_8708,RM13873,CGG,7,-0.493,-0.493,0,209,215,0,0,1,1
UnContig_8708,RM13874,TA,23,-0.492,-0.492,0,393,384,0,0,0,0
UnContig_8763,AUT13932,GA,23,-0.492,-0.492,0,179,188,0,0,1,1
UnContig_8836,RM18176,TGCT,5,-0.495,-0.495,1,275,274,0,0,0,1
UnContig_8918,RM6740,TAT,22,-0.488,-0.488,0,192,192,0,0,0,0
UnContig_8918,RM5385,TC,14,-0.492,-0.492,0,113,113,0,0,1,1
UnContig_8918,RM10986,CTGC,6,-0.487,-0.487,0,164,163,0,0,1,1
UnContig_8918,AUT10987,AG,17,-0.488,-0.488,0,193,190,0,0,1,1
UnContig_8918,AUT10988,AAT,22,-0.488,-0.488,0,173,172,0,0,0,0
UnContig_8931,RM15554,TC,13,-0.495,-0.495,0,326,325,0,0,1,1
UnContig_8939,RGNMS2357,AGA,7,-0.491,-0.491,0,282,270,0,0,1,1
UnContig_8939,RM19921,AG,14,-0.491,-0.491,1,367,358,0,0,1,1
UnContig_8992,RM14135,GGC,7,-0.493,-0.493,0,114,113,0,0,1,1
UnContig_8992,RM14136,TG,10,-0.493,-0.493,0,245,231,0,0,1,1
UnContig_8992,RGNMS708,GA,44,-0.492,-0.492,0,100,150,0,0,1,1
UnContig_9010,RM11073,CGC,8,-0.495,-0.495,0,381,391,0,0,1,1
UnContig_9056,RM10055,TCAC,5,-0.495,-0.495,0,125,124,0,0,1,1
UnContig_9141,RM3370,CT,16,-0.492,-0.492,0,185,186,0,0,1,1
UnContig_9141,RM7088,AGAT,6,-0.494,-0.494,0,106,102,0,0,1,1
UnContig_9141,RM4128,TA,14,-0.495,-0.495,0,167,141,0,0,1,0
UnContig_9141,AUT19656,TATC,6,-0.494,-0.494,0,79,74,0,0,1,1
UnContig_9141,MRG2370.RGP2370,CT,16,-0.492,-0.492,0,135,137,0,0,1,1
UnContig_9326,RM12162,CCG,10,-0.485,-0.485,0,272,277,0,0,1,1
UnContig_9347,RM18204,ATAC,15,-0.493,-0.493,0,406,441,0,0,1,1
UnContig_9347,RM18205,AT,30,-0.493,-0.493,0,649,684,0,0,0,0
UnContig_9357,RGNMS271,TA,24,-0.48,-0.48,0,283,283,0,0,1,1
UnContig_9357,RGNMS1162,ATT,8,-0.48,-0.48,0,283,283,0,0,1,1
UnContig_9420,RM10537,GAA,9,-0.495,-0.495,0,457,456,0,0,1,1
UnContig_9467,RM6952,TTC,8,-0.478,-0.478,0,201,201,0,0,1,1
UnContig_9467,RM7653,TTTC,9,-0.483,-0.483,0,114,121,0,0,1,1
UnContig_9467,RM18143,AGA,7,-0.488,-0.488,0,86,79,0,0,1,1
UnContig_9467,RM19064,AAAG,6,-0.474,-0.474,0,185,184,0,0,1,1
UnContig_9467,RM19067,TCGA,5,-0.48,-0.48,0,200,199,0,0,1,1
UnContig_9467,RM19068,CGG,7,-0.481,-0.481,0,116,117,0,0,1,0
UnContig_9467,RM19069,CGC,7,-0.481,-0.481,0,130,121,0,0,1,1
UnContig_9467,RM19071,GCG,7,-0.483,-0.483,0,231,242,0,0,1,1
UnContig_9467,AUT19065,TG,30,-0.477,-0.477,0,120,167,0,0,1,1
UnContig_9467,AUT19066,TTC,8,-0.478,-0.478,0,200,199,0,0,1,1
UnContig_9467,AUT19070,AGAA,9,-0.483,-0.483,0,156,162,0,0,1,1
UnContig_9467,RGNMS1741,CTT,7,-0.488,-0.488,0,137,135,0,0,1,1
UnContig_9467,RM18142,AG,12,-0.487,-0.487,1,211,190,0,0,1,1
UnContig_9486,RM15577,CGC,7,-0.494,-0.494,0,187,186,0,0,1,1
UnContig_9494,AUT13021,ATG,9,-0.493,-0.493,0,220,195,0,0,1,1
UnContig_9501,RM3790,GA,19,-0.493,-0.493,0,121,119,0,0,1,0
UnContig_9501,RM19015,TGGC,5,-0.494,-0.494,0,166,165,0,0,1,1
UnContig_9501,AUT19016,TC,19,-0.493,-0.493,0,178,175,0,0,1,1
UnContig_9501,RGNMS1838a,AT,39,-0.49,-0.49,1,432,391,0,0,0,0
UnContig_9518,RM12354,GAA,9,-0.493,-0.493,0,187,186,0,0,1,1
UnContig_9518,AUT12355,CT,21,-0.493,-0.493,0,269,270,0,0,1,1
UnContig_9518,RGNMS739,CTT,9,-0.493,-0.493,0,335,332,0,0,1,1
UnContig_9529,RM20679,AG,10,-0.49,-0.49,0,344,344,0,0,1,1
UnContig_9534,RM20682,CCA,7,-0.489,-0.489,0,337,336,0,0,1,1
UnContig_9534,RGNMS2342,TTTG,6,-0.488,-0.488,0,265,265,0,0,1,1
UnContig_9534,AUT20681,TTTG,6,-0.488,-0.488,1,157,160,0,0,1,0
UnContig_9563,RM6119,CGC,8,-0.489,-0.489,0,191,188,0,0,1,1
UnContig_9563,AUT19501,CGC,8,-0.489,-0.489,0,259,255,0,0,1,1
UnContig_9563,RGNMS2182,AT,10,-0.489,-0.489,0,342,334,0,0,1,1
UnContig_958,RM19254,TCT,10,-0.493,-0.493,0,196,195,0,0,1,1
UnContig_958,RGNMS2200,AT,13,-0.492,-0.492,0,361,352,0,0,1,1
UnContig_958,RGNMS2207,TC,13,-0.493,-0.493,0,335,335,0,0,1,1
UnContig_958,RGNMS2823,CTAT,5,-0.492,-0.492,0,361,352,0,0,1,1
UnContig_958,RGNMS3808,CT,10,-0.493,-0.493,0,335,335,0,0,1,1
UnContig_9585,RM13352,CT,10,-0.495,-0.495,0,256,255,0,0,1,1
UnContig_9600,RM1153,AG,13,-0.493,-0.493,0,104,114,0,0,1,1
UnContig_9600,MRG2335.RGP2335,CT,15,-0.495,-0.495,0,110,116,0,0,1,1
UnContig_9608,RM10230,TATC,5,-0.492,-0.492,0,194,193,0,0,1,1
UnContig_9608,RM10231,CT,14,-0.492,-0.492,0,182,193,0,0,1,1
UnContig_9608,RM10232,CA,12,-0.492,-0.492,0,182,193,0,0,1,1
UnContig_9608,RM10233,CGG,7,-0.494,-0.494,0,281,295,0,0,0,0
UnContig_9630,RM12402,AG,10,-0.487,-0.487,0,269,268,0,0,1,1
UnContig_9630,RM12403,GGC,8,-0.487,-0.487,0,125,124,0,0,1,1
UnContig_9630,RM12404,ATTA,5,-0.487,-0.487,0,298,297,0,0,1,1
UnContig_9644,RM19674,CTAG,5,-0.494,-0.494,0,275,274,0,0,1,1
UnContig_9644,RM19675,TA,22,-0.494,-0.494,0,409,443,0,0,0,0
UnContig_9644,RM19676,TA,33,-0.494,-0.494,0,409,443,0,0,0,0
UnContig_9647,RM12540,CATC,5,-0.476,-0.476,0,90,93,0,0,1,1
UnContig_9647,RM12541,TC,19,-0.48,-0.48,0,272,287,0,0,1,1
UnContig_9647,RM12542,CGG,7,-0.481,-0.481,0,275,275,0,0,1,0
UnContig_9647,RM12543,GA,11,-0.482,-0.482,0,414,395,0,0,1,1
UnContig_9647,RM12544,TTC,7,-0.483,-0.483,0,86,97,0,0,1,1
UnContig_9647,RM12549,AT,12,-0.485,-0.485,0,303,317,0,0,0,0
UnContig_9647,RM12550,CCG,7,-0.486,-0.486,0,231,242,0,0,1,1
UnContig_9647,RM20048,AAT,25,-0.49,-0.49,0,155,167,0,0,1,1
UnContig_9647,RM20049,GA,16,-0.49,-0.49,0,152,151,0,0,1,1
UnContig_9647,RM20051,AT,20,-0.489,-0.489,0,646,649,0,0,1,1
UnContig_9647,RM20052,TA,10,-0.488,-0.488,0,130,129,0,0,0,0
UnContig_9647,RGNMS529,GCGT,5,-0.484,-0.484,1,114,112,0,0,0,1
UnContig_9686,RM22588,CCA,7,-0.493,-0.493,1,346,345,0,0,1,1
UnContig_9715,RM13637,GCT,11,-0.49,-0.49,0,166,174,0,0,1,1
UnContig_9715,RM17834,AG,14,-0.482,-0.482,0,173,176,0,0,1,1
UnContig_9715,RM17835,AAG,7,-0.482,-0.482,0,92,91,0,0,1,1
UnContig_9715,RM17836,AT,45,-0.485,-0.485,0,246,237,0,0,0,0
UnContig_978,RM15487,AG,10,-0.495,-0.495,0,171,160,0,0,1,1
UnContig_9808,RM13464,CTGC,6,-0.486,-0.486,0,138,133,0,0,1,1
UnContig_9859,RM10803,CCG,7,-0.493,-0.493,0,97,99,0,0,1,1
UnContig_9869,RM18119,GAT,7,-0.493,-0.493,0,86,73,0,0,1,1
UnContig_987,RM11527,ACC,7,-0.476,-0.476,0,624,623,0,0,1,1
UnContig_987,RM11528,CGG,7,-0.476,-0.476,0,683,682,0,0,1,1
UnContig_987,RM11529,GT,18,-0.477,-0.477,0,88,99,0,0,1,1
UnContig_987,RM11530,TA,15,-0.48,-0.48,0,463,491,0,0,1,1
UnContig_987,RM11531,TCC,7,-0.483,-0.483,0,114,124,0,0,1,1
UnContig_987,RGNMS154,CT,11,-0.489,-0.489,0,194,183,0,0,1,1
UnContig_987,RM11534,AGCC,5,-0.489,-0.489,1,291,288,0,0,0,0
UnContig_9950,RM15034,AT,10,-0.495,-0.495,0,369,368,0,0,0,0
UnContig_9983,RM15072,TGCC,6,-0.49,-0.49,0,165,164,0,0,1,1
