15,20161302,20161360,1,59,101,0,0,1,1,3,0.580372265
9,21398800,21398937,1,138,141,0,0,1,1,3,0.605171129
8,27618316,27618481,1,166,157,0,0,1,1,3,0.624665777
31,21943807,21944126,1,320,291,0,0,0,0,3,0.59290199
30,21943807,21944126,1,320,291,0,0,0,0,3,0.594531708
8,22923664,22923816,1,153,157,0,0,1,1,3,0.614496951
21,31656234,31656390,1,157,147,0,0,1,1,3,0.622663596
12,27695636,27695835,1,200,198,0,0,1,1,3,0.633086713
8,3671565,3671752,1,188,193,0,0,1,1,2,0.593059907
17,3202380,3202720,1,341,342,0,0,1,1,1,0.574021158
11,3588015,3588309,1,295,294,0,0,1,1,1,0.52872812
6,4581008,4581267,1,260,258,0,0,0,0,1,0.499839809
8,4614619,4614840,1,222,221,0,0,1,0,2,0.546251801
10,6461987,6462258,1,272,267,0,0,1,1,1,0.494257232
5,7635560,7635752,1,193,193,0,0,1,1,2,0.578248205
7,7660963,7661221,1,259,258,0,0,1,1,1,0.478984012
7,8246026,8246306,1,281,280,0,0,1,1,1,0.503188317
10,9719423,9719516,1,94,93,0,0,1,1,2,0.563834903
10,13219496,13219643,1,148,147,0,0,1,0,3,0.520041639
10,16496286,16496766,1,481,462,0,0,0,0,3,0.510349231
5,16574372,16574656,1,285,264,0,0,1,1,3,0.585961987
7,20016554,20016949,1,396,405,0,0,1,1,3,0.573106066
15,21858685,21858925,1,241,250,0,0,1,1,3,0.628574748
7,22973304,22973513,1,210,185,0,0,1,1,3,0.620733655
5,28597386,28597471,1,86,85,0,0,1,1,3,0.604481287
27,30885817,30886217,1,401,366,0,0,0,0,3,0.601127397
14,31403386,31403881,1,496,459,0,0,0,0,3,0.585049878
10,31691496,31691679,1,184,191,0,0,1,1,3,0.628793733
8,33440440,33440840,1,401,382,0,0,1,0,3,0.607825598
16,36262344,36262678,1,335,295,0,0,0,0,3,0.617145596
7,36813654,36813745,1,92,98,0,0,1,0,3,0.606853507
7,37013132,37013288,1,157,156,0,0,0,1,3,0.613658721
37,6884051,6884193,1,143,172,0,0,1,1,3,0.463189184
8,3671542,3671756,1,215,219,0,0,1,1,2,0.570615494
16,9625260,9625726,1,467,459,0,0,0,0,1,0.561189636
31,20361129,20361423,1,295,264,0,0,0,0,3,0.590889565
8,4353053,4353310,1,258,260,0,0,1,0,1,0.491305994
12,12747738,12748100,1,363,364,0,0,0,1,3,0.501905943
20,12664756,12665130,1,375,378,0,0,1,1,3,0.49833139
7,13629839,13630030,1,192,226,0,0,1,1,3,0.539685335
15,21248271,21248586,1,316,316,0,0,1,1,3,0.615808211
5,9602417,9602609,1,193,193,0,0,1,1,3,0.451166409
15,20161303,20161621,1,319,355,0,0,1,1,3,0.602957172
7,1080198,1080374,1,177,177,0,0,1,1,2,0.605393226
12,13629839,13630030,1,192,226,0,0,1,1,3,0.547792218
11,12738211,12738351,1,141,135,0,0,1,0,3,0.509810439
11,12747738,12748100,1,363,364,0,0,0,1,3,0.501413603
11,12749253,12749644,1,392,349,0,0,0,0,3,0.498371931
5,26469843,26470203,1,361,349,0,0,0,0,3,0.603692227
12,12664756,12665130,1,375,378,0,0,1,1,3,0.495227946
10,13629839,13630030,1,192,226,0,0,1,1,3,0.545128418
10,12664756,12665130,1,375,378,0,0,1,1,3,0.494235485
16,6899631,6899964,1,334,329,0,0,1,1,1,0.559609825
8,10803380,10803490,2,111,118,0,0,1,1,3,0.520836486
7,11073270,11073396,2,127,143,0,0,1,1,3,0.527561599
12,11073271,11073396,2,126,142,0,0,1,1,3,0.53207417
5,19574704,19574966,2,263,266,0,0,0,0,3,0.596725699
15,23226704,23227267,2,564,537,0,0,0,0,3,0.548778
9,18275618,18275811,2,194,205,0,0,1,1,3,0.598673734
7,17956492,17956656,2,165,170,0,0,1,1,3,0.589570829
9,26730408,26730496,2,89,94,0,0,1,1,3,0.603634181
7,9373646,9374001,2,356,338,0,0,1,1,3,0.507069434
6,10754239,10754561,2,323,311,0,0,0,0,3,0.527732391
5,11938114,11938221,2,108,108,0,0,0,0,3,0.530822837
7,4710279,4710627,2,349,397,0,0,0,0,1,0.541643847
16,36648906,36649292,2,387,388,0,0,1,1,3,0.607004949
30,4879413,4879522,0,110,149,0,0,1,1,2,0.594652158
13,13485190,13485337,1,148,188,0,0,1,1,3,0.532532672
10,8896352,8896707,1,356,365,0,0,0,0,1,0.553653629
41,3899571,3900206,1,636,653,0,0,0,0,1,0.564262054
10,3899617,3900212,1,596,613,0,0,0,0,1,0.592636103
8,13261439,13261838,1,400,400,0,0,0,0,3,0.493719693
14,5254727,5255107,1,381,382,0,0,1,1,1,0.590931825
17,8060714,8060801,2,88,104,0,0,1,1,3,0.493488277
17,4548188,4548334,2,147,172,0,0,1,1,3,0.468679752
11,18040593,18040683,0,91,92,0,0,1,1,3,0.504782303
8,17967668,17967875,0,208,194,0,0,1,1,3,0.531776031
7,17939933,17940078,0,146,145,0,0,1,1,3,0.514485276
31,14857863,14858144,0,282,289,0,0,1,1,3,0.514386873
14,15511944,15512357,0,414,392,0,0,1,1,3,0.472803552
43,14858724,14858878,0,155,158,0,0,1,1,3,0.503337267
7,2067618,2067971,1,354,348,0,0,0,0,1,0.572315683
13,7608379,7609002,2,624,662,0,0,1,1,1,0.546376622
24,2673584,2673739,0,156,179,0,0,1,1,2,0.613103838
10,4199544,4199645,0,102,110,0,0,1,1,2,0.667248443
13,8075837,8075982,0,146,152,0,0,1,1,2,0.635138225
9,16120445,16120579,0,135,144,0,0,1,1,3,0.482651463
15,9866560,9866698,0,139,141,0,0,1,1,2,0.620348611
8,5291879,5291981,0,103,103,0,0,1,1,2,0.660997518
9,31022057,31022212,0,156,168,0,0,1,1,3,0.600302148
26,17414920,17415029,0,110,132,0,0,1,0,3,0.519281353
15,5978791,5978937,0,147,141,0,0,1,1,2,0.6466117
21,6677509,6677700,0,192,180,0,0,1,1,2,0.60228885
8,4642450,4642605,0,156,158,0,0,1,1,2,0.659309486
23,4790463,4790565,0,103,119,0,0,1,1,2,0.629154121
8,1511675,1511788,0,114,114,0,0,1,0,2,0.645444314
25,8823364,8823557,0,194,218,0,0,1,1,2,0.564657183
14,1151526,1151727,0,202,202,0,0,1,1,2,0.642787087
7,1798493,1798659,0,167,155,0,0,1,1,2,0.671978702
8,702282,702431,0,150,154,0,0,1,1,2,0.67880899
13,2159830,2159986,0,157,167,0,0,1,1,2,0.667329317
5,4657374,4657487,0,114,114,0,0,1,1,2,0.660197138
4,4657374,4657487,0,114,114,0,0,1,1,2,0.657768294
10,1586972,1587113,0,142,142,0,0,1,1,2,0.678510685
22,25685174,25685361,0,188,215,0,0,1,1,3,0.595802048
8,18963837,18964041,0,205,214,0,0,1,0,3,0.547543163
22,24602592,24602714,0,123,145,0,0,1,0,3,0.57881036
44,15809293,15809563,0,271,271,0,0,0,0,3,0.521519969
9,25809199,25809334,0,136,129,0,0,1,1,3,0.583488851
9,1869725,1869893,0,169,169,0,0,1,1,2,0.671499814
15,430059,430175,0,117,117,0,0,1,1,2,0.670084184
6,342640,342791,0,152,152,0,0,1,1,2,0.674977891
16,6695680,6695785,0,106,106,0,0,1,0,2,0.624750505
12,6542470,6542640,0,171,157,0,0,1,1,2,0.642001612
14,4645492,4645699,0,208,212,0,0,1,0,2,0.587450939
7,7631082,7631199,0,118,118,0,0,1,1,2,0.645836441
35,16325431,16325545,0,115,161,0,0,0,0,3,0.517832556
8,17565421,17565569,0,149,149,0,0,1,1,3,0.510971513
8,406177,406334,0,158,158,0,0,1,1,2,0.677927903
9,4873136,4873211,0,76,82,0,0,1,1,2,0.660888044
8,9333005,9333101,0,97,103,0,0,1,1,2,0.632807485
18,20238477,20238566,0,90,102,0,0,1,1,3,0.539435611
16,1909969,1910153,0,185,173,0,0,1,1,2,0.649562605
49,2634767,2634931,0,165,199,0,0,0,0,2,0.514355383
7,30540681,30540769,0,89,88,0,0,1,1,3,0.58430675
10,8223001,8223582,0,582,584,0,0,1,1,1,0.599777648
16,1909802,1910154,0,353,340,0,0,1,1,1,0.588431256
5,2010528,2010762,0,235,235,0,0,1,1,2,0.605440964
16,1909798,1910125,0,328,311,0,0,1,1,1,0.560684081
43,30540417,30540759,0,343,343,0,0,1,1,3,0.572918181
44,30546246,30546434,0,189,189,0,0,1,1,3,0.577454502
8,4565965,4566340,0,376,364,0,0,0,0,1,0.580363419
14,23495354,23495511,1,158,145,0,0,1,0,3,0.615243602
25,6603918,6604080,1,163,160,0,0,1,1,2,0.569834891
18,3586546,3586672,1,127,161,0,0,1,1,2,0.604543929
30,4247382,4247525,1,144,189,0,0,1,1,2,0.557890271
12,5563373,5563574,1,202,194,0,0,0,0,2,0.546636167
18,24361198,24361357,1,160,154,0,0,1,1,3,0.621835103
30,16332798,16332967,1,170,209,0,0,1,1,3,0.569523726
6,201724,201888,1,165,165,0,0,1,1,2,0.611153394
7,1916482,1916880,1,399,386,0,0,1,1,1,0.594168792
7,16271933,16272103,1,171,170,0,0,1,1,3,0.567458019
15,634889,635128,1,240,239,0,0,1,1,2,0.539794494
5,2936370,2936569,1,200,199,0,0,1,1,2,0.586370644
40,4523764,4524259,1,496,472,0,0,0,0,1,0.566297602
8,6181676,6182107,1,432,431,0,0,1,0,1,0.595737661
12,7473690,7473965,1,276,285,0,0,1,1,1,0.509335376
34,13633562,13633989,1,428,466,0,0,0,0,3,0.49402934
7,14689742,14690347,1,606,558,0,0,0,0,1,0.528780606
7,15044155,15044442,1,288,287,0,0,1,1,3,0.571305554
31,15023614,15023864,1,251,284,0,0,1,1,3,0.563630518
22,15356057,15356473,1,417,428,0,0,1,1,3,0.519036866
8,16983809,16984026,1,218,218,0,0,1,0,3,0.585452579
11,21196401,21196593,1,193,170,0,0,1,1,3,0.616262165
11,21602211,21602550,1,340,350,0,0,0,0,3,0.595749706
22,22020412,22020873,1,462,452,0,0,1,1,3,0.564577956
24,22071419,22071828,1,410,389,0,0,0,0,3,0.578234378
10,24581887,24582325,1,439,416,0,0,1,0,3,0.586063603
11,27079023,27079170,1,148,145,0,0,1,1,3,0.624011931
17,27812793,27813142,1,350,332,0,0,1,0,3,0.619168047
13,28590370,28590732,1,363,367,0,0,1,1,3,0.618410933
12,29360752,29361082,1,331,362,0,0,0,0,3,0.614418785
7,29442496,29442662,1,167,163,0,0,1,1,3,0.624432861
49,15809304,15809678,1,375,389,0,0,0,0,3,0.522043805
18,24361195,24361394,1,200,193,0,0,1,1,3,0.628817347
24,2673558,2673684,1,127,151,0,0,0,0,2,0.563915413
21,16794630,16794784,1,155,193,0,0,1,1,3,0.58091335
22,21051283,21051464,1,182,230,0,0,0,0,3,0.608329323
6,201747,201890,1,144,143,0,0,1,1,2,0.619812908
35,6546460,6546827,1,368,349,0,0,0,0,1,0.54995891
10,6546460,6546827,1,368,349,0,0,0,0,1,0.573316217
18,8202502,8202678,1,177,159,0,0,1,1,2,0.563748204
34,23103964,23104502,1,539,556,0,0,0,0,3,0.534486125
21,23103964,23104502,1,539,556,0,0,0,0,3,0.538684759
5,23190361,23190742,1,382,361,0,0,1,1,3,0.598678462
8,24777729,24777874,1,146,145,0,0,1,1,3,0.617646844
7,8312391,8312705,1,315,344,0,0,0,0,1,0.551471647
7,29360731,29361079,1,349,375,0,0,1,1,3,0.616070283
8,737162,737505,1,344,335,0,0,0,0,1,0.56778976
8,21050239,21050630,1,392,382,0,0,1,1,3,0.586508652
6,685131,685497,1,367,365,0,0,1,1,1,0.582053634
9,2675946,2676016,2,71,95,0,0,1,1,2,0.560811916
11,6445600,6445803,2,204,213,0,0,0,1,3,0.49888077
7,18792369,18792637,2,269,265,0,0,1,0,3,0.599759405
10,27070766,27071114,2,349,360,0,0,0,0,3,0.604746315
7,29221989,29222510,2,522,513,0,0,1,0,3,0.573064011
8,8930877,8930995,0,119,122,0,0,1,1,2,0.637729873
17,8798006,8798125,0,120,119,0,0,1,1,2,0.629370646
8,9182738,9182839,0,102,102,0,0,1,1,2,0.634876368
7,8923122,8923257,0,136,140,0,0,1,1,2,0.633780434
25,8897574,8897699,0,126,154,0,0,1,1,2,0.59850837
5,4652818,4653012,0,195,198,0,0,1,1,2,0.633552313
16,4642710,4642932,0,223,220,0,0,1,1,2,0.600720415
5,8896560,8896659,0,100,99,0,0,1,1,2,0.635818236
7,8895720,8895903,0,184,183,0,0,1,1,2,0.615826908
8,8738086,8738341,0,256,273,0,0,1,1,2,0.539686809
22,14093209,14093426,0,218,197,0,0,0,0,3,0.49824537
7,31983104,31983411,0,308,299,0,0,1,1,3,0.606558448
7,27441153,27441269,0,117,116,0,0,1,1,3,0.58332585
7,3620715,3620846,0,132,129,0,0,1,1,2,0.668791432
12,22709284,22709445,0,162,137,0,0,0,0,3,0.568471821
8,8930817,8930998,0,182,184,0,0,1,1,2,0.616416192
26,8897441,8897704,0,264,293,0,0,1,1,1,0.501031995
12,10724286,10724462,0,177,176,0,0,1,1,2,0.605750125
11,5529895,5530171,0,277,274,0,0,1,1,1,0.47371632
8,9182751,9182844,0,94,93,0,0,1,1,2,0.633907812
5,8896579,8896819,0,241,241,0,0,1,1,2,0.567303244
5,4668612,4668796,0,185,185,0,0,1,1,2,0.641182509
7,32230083,32230270,0,188,188,0,0,1,1,3,0.60251931
10,4668612,4668796,0,185,185,0,0,1,1,2,0.646781613
7,4657023,4657281,0,259,255,0,0,1,1,2,0.564131194
9,5257040,5257184,1,145,151,0,0,1,1,2,0.611412244
40,16479130,16479292,1,163,178,0,0,0,0,3,0.557192651
13,7969660,7969846,1,187,185,0,0,1,1,2,0.572192733
13,5437665,5437854,1,190,201,0,0,1,1,2,0.580943784
12,27176148,27176327,1,180,192,0,0,1,1,3,0.631365902
10,16776066,16776240,1,175,170,0,0,1,0,3,0.576036436
10,3941627,3941878,1,252,216,0,0,0,0,1,0.47933667
7,8936015,8936299,1,285,293,0,0,1,1,3,0.466306002
6,10844811,10844907,1,97,99,0,0,1,0,3,0.461198391
12,13404611,13404800,1,190,199,0,0,1,1,3,0.539482672
5,13897960,13898163,1,204,193,0,0,1,1,3,0.536686954
7,14453242,14453315,1,74,82,0,0,1,1,3,0.50795063
8,14496340,14496775,1,436,424,0,0,0,0,3,0.50009982
7,14496340,14496775,1,436,424,0,0,0,0,3,0.499629017
28,14637567,14637982,1,416,458,0,0,1,1,3,0.504781194
10,14954575,14954773,1,199,167,0,0,0,0,3,0.55551196
7,18162759,18163198,1,440,445,0,0,1,1,3,0.539318122
51,20845818,20845985,1,168,209,0,0,0,0,3,0.564093063
24,21488835,21489184,1,350,348,0,0,0,0,3,0.590353915
17,23706106,23706438,1,333,323,0,0,1,1,3,0.620005977
59,24100085,24100475,1,391,391,0,0,0,0,3,0.544356582
26,24100085,24100475,1,391,391,0,0,0,0,3,0.587502886
7,24245658,24246121,1,464,464,0,0,1,1,3,0.572350133
10,24833642,24833812,1,171,154,0,0,1,0,3,0.618716121
5,26282905,26283089,1,185,184,0,0,1,1,3,0.622659762
16,26389585,26389795,1,211,192,0,0,1,0,3,0.628959238
5,26389585,26389795,1,211,192,0,0,1,0,3,0.620891125
7,27141829,27142216,1,388,390,0,0,1,1,3,0.606587965
7,28599979,28600104,1,126,114,0,0,1,1,3,0.615549305
7,28683516,28683945,1,430,402,0,0,0,0,3,0.594396969
7,30652473,30652762,1,290,281,0,0,1,1,3,0.630591885
11,31851754,31851900,1,147,143,0,0,1,1,3,0.623347881
13,32059747,32059907,1,161,177,0,0,1,1,3,0.627397091
23,10698079,10698610,1,532,539,0,0,0,0,1,0.551407018
15,19215317,19215667,1,351,356,0,0,1,1,3,0.590799906
34,10898531,10898767,1,237,267,0,0,0,0,3,0.520499508
8,1583698,1583875,1,178,174,0,0,1,1,2,0.605996558
6,14571171,14571404,1,234,233,0,0,1,1,3,0.559073613
16,28986731,28987131,1,401,403,0,0,1,1,3,0.608398807
13,16479054,16479248,1,195,155,0,0,0,0,3,0.572708131
14,542921,543274,1,354,354,0,0,1,1,1,0.584347774
5,2673541,2673743,1,203,212,0,0,1,1,2,0.580251467
7,26175866,26176183,1,318,310,0,0,1,1,3,0.624887683
31,13928719,13929120,1,402,395,0,0,0,1,3,0.509168132
13,18068863,18068980,1,118,118,0,0,1,1,3,0.577476502
6,284662,284875,1,214,214,0,0,0,0,2,0.541789157
8,27176183,27176276,1,94,105,0,0,1,1,3,0.610077595
11,14453234,14453334,1,101,109,0,0,1,1,3,0.523772451
7,27778096,27778377,1,282,279,0,0,1,1,3,0.632212228
6,284662,284875,1,214,214,0,0,0,0,2,0.541789157
7,14548451,14548687,1,237,219,0,0,1,1,3,0.559457284
15,18834792,18835030,1,239,263,0,0,1,1,3,0.61438575
11,29750475,29750843,1,369,377,0,0,1,1,3,0.616364947
20,29750475,29750843,1,369,377,0,0,1,1,3,0.6146508
10,284858,285198,2,341,339,0,0,0,0,1,0.54726403
6,284858,285198,2,341,337,0,0,0,0,1,0.544021316
16,5882570,5882677,0,108,128,0,0,1,1,2,0.648638073
8,2563811,2563951,0,141,145,0,0,1,1,2,0.674161281
7,10703883,10704041,0,159,158,0,0,1,1,2,0.612257011
7,18393507,18393893,0,387,387,0,0,1,0,3,0.51602601
5,10697841,10698117,0,277,277,0,0,1,1,1,0.476617994
5,10697841,10698117,0,277,277,0,0,1,1,1,0.476617994
6,24295736,24295982,0,247,247,0,0,1,1,3,0.590635452
8,24131544,24131689,1,146,145,0,0,1,1,3,0.616042836
8,23091438,23091651,1,214,211,0,0,1,1,3,0.624846971
20,10071652,10071913,1,262,228,0,0,1,1,3,0.499438046
8,2210830,2210987,1,158,158,0,0,0,0,2,0.577572124
14,13957304,13957422,1,119,121,0,0,1,1,3,0.524305552
31,21028961,21029131,1,171,205,0,0,1,0,3,0.596869827
7,26611218,26611285,1,68,67,0,0,1,0,3,0.596034011
7,20984512,20984879,1,368,372,0,0,1,0,3,0.586467287
28,20564736,20564895,1,160,203,0,0,1,1,3,0.59969129
7,22485274,22485558,1,285,267,0,0,1,0,3,0.619285259
29,61275,61540,1,266,262,0,0,1,1,1,0.50662318
27,16019081,16019184,1,104,126,0,0,1,1,3,0.550605643
5,61275,61540,1,266,262,0,0,1,1,1,0.47990278
12,22485274,22485558,1,285,267,0,0,1,0,3,0.623463901
11,13440286,13440427,2,142,169,0,0,1,1,3,0.559286081
10,4903661,4903902,2,242,239,0,0,1,0,3,0.489665614
14,21043778,21043913,0,136,160,0,0,1,1,3,0.56179144
8,21992417,21992611,0,195,215,0,0,1,1,3,0.575784126
8,21044203,21044350,0,148,152,0,0,1,1,3,0.556387681
21,19482531,19482667,0,137,150,0,0,1,1,3,0.545184024
14,16676009,16676113,0,105,107,0,0,1,1,3,0.489347528
15,8795768,8795944,0,177,183,0,0,1,1,2,0.612600209
19,19452955,19453069,0,115,125,0,0,1,1,3,0.538314799
15,3260226,3260472,0,247,246,0,0,1,0,2,0.545772535
10,3273412,3273783,0,372,385,0,0,1,0,1,0.595260827
5,13831828,13832195,0,368,371,0,0,1,1,1,0.542047776
5,24213451,24213519,0,69,68,0,0,1,1,3,0.553302617
8,24193767,24194038,0,272,271,0,0,1,1,3,0.594288502
5,19989014,19989281,0,268,271,0,0,1,1,3,0.562397988
10,19497180,19497357,0,178,187,0,0,1,1,3,0.550916665
10,19458985,19459091,0,107,95,0,0,1,1,3,0.526732492
14,21043775,21043908,0,134,157,0,0,1,1,3,0.56112926
15,8795757,8795934,0,178,183,0,0,1,1,2,0.612315596
24,11529377,11529756,0,380,393,0,0,1,1,1,0.567287126
8,11529377,11529756,0,380,393,0,0,1,1,1,0.568565002
22,11782963,11783134,1,172,178,0,0,1,0,3,0.516922581
13,1000340,1000470,1,131,141,0,0,1,0,2,0.60140571
26,2286769,2286914,1,146,156,0,0,1,0,2,0.566186418
8,15055338,15055481,1,144,141,0,0,1,1,3,0.543133217
7,23411514,23411624,1,111,110,0,0,1,1,3,0.602494986
30,224747,225048,1,302,271,0,0,0,0,1,0.534550463
19,1504823,1504904,1,82,98,0,0,1,1,2,0.617639485
49,2352244,2352721,1,478,501,0,0,0,0,1,0.560016737
5,7722771,7722965,1,195,198,0,0,1,1,2,0.575617952
7,10376968,10377148,1,181,186,0,0,1,1,3,0.464676295
19,11129029,11129183,1,155,156,0,0,1,1,3,0.487159765
25,12889735,12889871,1,137,166,0,0,0,0,3,0.53058096
5,14043511,14043761,1,251,250,0,0,1,1,3,0.552790227
18,14291626,14291718,1,93,100,0,0,1,1,3,0.523572835
7,23483842,23484343,1,502,487,0,0,1,0,3,0.556082504
13,391820,391921,1,102,99,0,0,1,1,2,0.62784647
18,347922,348259,1,338,358,0,0,1,1,1,0.57858318
8,436840,436928,1,89,88,0,0,1,1,2,0.630678062
26,2233631,2233866,1,236,196,0,0,1,1,2,0.538546903
7,7670143,7670287,1,145,148,0,0,1,1,2,0.590394655
8,15055359,15055507,1,149,145,0,0,0,0,3,0.543945137
15,15656052,15656228,1,177,190,0,0,1,1,3,0.572971545
25,21608407,21608675,1,269,275,0,0,1,1,3,0.616442151
14,10976079,10976428,1,350,372,0,0,1,1,3,0.472240391
5,12279456,12279754,1,299,307,0,0,1,1,3,0.52065589
7,9852561,9852955,1,395,388,0,0,1,1,1,0.556176792
17,14323098,14323339,1,242,238,0,0,1,1,3,0.569090531
15,11117326,11117573,1,248,244,0,0,1,1,3,0.515344817
7,14323098,14323339,1,242,238,0,0,1,1,3,0.559103928
41,22354481,22354766,1,286,331,0,0,0,0,3,0.576043513
9,6781899,6782277,1,379,385,0,0,1,1,1,0.583829077
5,7640640,7640799,2,160,155,0,0,1,1,3,0.491472608
18,8302827,8303120,2,294,255,0,0,0,0,3,0.51943752
10,5136846,5136977,0,132,132,0,0,1,1,2,0.661705736
8,2922472,2922617,0,146,149,0,0,1,1,2,0.671775053
7,2922310,2922396,0,87,86,0,0,1,1,2,0.668354304
5,4259830,4260444,0,615,614,0,0,1,1,1,0.59840553
7,12320524,12320734,0,211,200,0,0,1,0,2,0.558910276
10,12320831,12320968,0,138,137,0,0,1,0,2,0.572108252
7,19005983,19006181,0,199,198,0,0,1,1,3,0.543984721
5,19000467,19000660,0,194,194,0,0,1,1,3,0.539085229
12,12296144,12296388,0,245,243,0,0,1,0,3,0.456641311
6,835995,836161,1,167,179,0,0,1,1,2,0.606954276
9,4788183,4788328,1,146,149,0,0,1,1,2,0.613076378
27,1141000,1141094,1,95,125,0,0,1,1,2,0.590723587
7,345672,345775,1,104,111,0,0,1,1,2,0.62858328
15,21944487,21944632,1,146,146,0,0,1,0,3,0.608547851
6,7438341,7438519,1,179,151,0,0,1,1,2,0.590319085
26,22831937,22832075,1,139,173,0,0,1,1,3,0.607561614
40,1749791,1749990,1,200,184,0,0,0,0,1,0.487649824
5,1194874,1195097,1,224,224,0,0,1,1,2,0.566253867
4,1194874,1195097,1,224,224,0,0,1,1,2,0.565748389
3,1194874,1195097,1,224,224,0,0,1,1,2,0.565031581
17,1194874,1195097,1,224,224,0,0,1,1,2,0.553746854
3,1194874,1195097,1,224,224,0,0,1,1,2,0.565031581
10,4710826,4711021,1,196,195,0,0,1,1,2,0.586132751
10,17401130,17401267,1,138,116,0,0,1,1,3,0.570996882
5,326861,326952,1,92,91,0,0,0,0,2,0.598675553
5,714064,714337,1,274,271,0,0,0,0,1,0.511562737
7,1032020,1032358,1,339,342,0,0,1,1,1,0.568948975
7,2659742,2659895,1,154,178,0,0,1,0,2,0.58925274
7,3406676,3406953,1,278,285,0,0,1,1,1,0.506695705
36,4068730,4068981,1,252,260,0,0,0,0,1,0.516656404
8,4824736,4824968,1,233,244,0,0,0,1,2,0.530655479
7,4884225,4884324,1,100,99,0,0,0,1,2,0.606787531
6,5673696,5674037,1,342,296,0,0,1,1,1,0.542751239
7,5747342,5747533,1,192,147,0,0,1,1,2,0.5989073
11,9667190,9667469,1,280,272,0,0,1,1,3,0.488675718
14,17091739,17092044,1,306,347,0,0,1,1,3,0.582817401
5,17401130,17401267,1,138,116,0,0,1,1,3,0.561932088
35,17433627,17434173,1,547,597,0,0,0,0,3,0.498360876
11,17691373,17691707,1,335,340,0,0,1,1,3,0.583672144
20,19713687,19713860,1,174,199,0,0,1,1,3,0.608099064
7,20092388,20092464,1,77,95,0,0,1,1,3,0.575731272
13,12697002,12697122,1,121,128,0,0,1,1,3,0.500957371
9,21795221,21795492,1,272,280,0,0,1,1,3,0.625705858
26,22683029,22683322,1,294,301,0,0,1,1,3,0.613080145
20,20292002,20292247,1,246,253,0,0,0,1,3,0.613070916
14,5296474,5296814,1,341,360,0,0,1,1,1,0.576043158
6,539539,539877,1,339,341,0,0,1,1,1,0.566396011
27,5495944,5496023,1,80,118,0,0,0,0,2,0.561667006
23,1062987,1063271,1,285,294,0,0,1,1,1,0.528809381
27,1140907,1141140,1,234,263,0,0,1,1,1,0.490786527
9,5199677,5199865,1,189,191,0,0,1,1,2,0.589206011
13,21953954,21954307,1,354,376,0,0,1,1,3,0.602653701
62,4947760,4948079,1,320,340,0,0,0,0,1,0.520946969
35,22831414,22831796,1,383,379,0,0,0,0,3,0.573579871
33,19302959,19303234,1,276,273,0,0,0,0,3,0.583274301
18,17717901,17718270,1,370,372,0,0,1,1,3,0.569450703
6,545957,546116,1,160,160,0,0,1,1,2,0.613534098
7,1032268,1032634,1,367,372,0,0,1,1,1,0.585794338
7,1032213,1032601,1,389,397,0,0,1,1,1,0.594689004
27,5495936,5496057,2,122,159,0,0,0,0,3,0.495046377
12,7981193,7981672,2,480,449,0,0,0,0,1,0.530983228
10,12700687,12700831,2,145,118,0,0,1,1,3,0.545872743
8,17111987,17112082,0,96,93,0,0,1,1,3,0.486878511
15,21614700,21614860,0,161,157,0,0,1,1,3,0.569804776
7,21607827,21607916,0,90,95,0,0,1,1,3,0.543481933
8,4442090,4442442,0,353,361,0,0,1,1,1,0.584767841
11,4440146,4440257,0,112,99,0,0,1,1,2,0.665348765
7,2276037,2276277,0,241,242,0,0,1,1,2,0.597937259
20,14723674,14723801,0,128,143,0,0,1,1,3,0.469606702
8,18095216,18095621,0,406,411,0,0,1,1,3,0.505250265
15,21614696,21614863,0,168,163,0,0,1,1,3,0.571297332
8,17111985,17112087,0,103,99,0,0,1,1,3,0.488626534
28,6162272,6162650,0,379,379,0,0,1,1,1,0.574505088
19,6163181,6163534,0,354,354,0,0,1,1,1,0.576579604
10,16886644,16886815,0,172,172,0,0,1,1,3,0.508703437
7,5351821,5351923,0,103,103,0,0,1,1,2,0.659752408
12,20962768,20962919,1,152,154,0,0,1,1,3,0.609471001
94,6639111,6639338,1,228,277,0,0,0,0,3,0.498744116
9,1197417,1197528,1,112,112,0,0,1,1,2,0.628581831
6,1016173,1016279,1,107,99,0,0,0,0,2,0.596871459
22,3692083,3692259,1,177,195,0,0,1,1,2,0.571077091
11,13937975,13938101,1,127,130,0,0,1,1,3,0.523936755
5,679795,679950,1,156,159,0,0,0,1,2,0.592961801
7,1209316,1209442,1,127,126,0,0,1,1,2,0.625202511
5,1838414,1838529,1,116,115,0,0,1,1,2,0.624897353
7,3551099,3551576,1,478,490,0,0,1,0,1,0.603264808
5,8589167,8589298,1,132,139,0,0,0,0,2,0.553740003
40,12436558,12436804,1,247,267,0,0,0,0,3,0.529986093
10,16221222,16221516,1,295,261,0,0,0,0,3,0.576645739
8,16658667,16659002,1,336,340,0,0,1,1,3,0.570203805
11,17505703,17505853,1,151,161,0,0,0,0,3,0.575745948
9,18261950,18262316,1,367,364,0,0,1,1,3,0.575556975
5,19789788,19790186,1,399,399,0,0,1,1,3,0.569478083
9,5895976,5896444,1,469,445,0,0,0,0,1,0.595009696
12,13472801,13473075,1,275,276,0,0,1,1,3,0.559739376
5,505856,505956,1,101,101,0,0,1,0,2,0.611077121
5,747324,747473,1,150,150,0,0,1,1,2,0.61641386
7,272765,273085,1,321,321,0,0,1,1,1,0.552869395
7,287344,287646,1,303,323,0,0,1,1,1,0.544882995
9,16308466,16308864,1,399,368,0,0,0,0,3,0.539721268
12,747324,747473,1,150,150,0,0,1,1,2,0.617338689
13,287344,287646,1,303,323,0,0,1,1,1,0.552232483
8,505856,505956,1,101,101,0,0,1,0,2,0.61271657
7,17284697,17285103,1,407,400,0,0,1,1,3,0.547014252
9,272765,273085,1,321,321,0,0,1,1,1,0.556297584
17,3066941,3067211,1,271,282,0,0,1,1,1,0.511824075
15,100820,101044,1,225,224,0,0,1,1,2,0.557570915
7,1358732,1358933,2,202,192,0,0,1,1,2,0.535416006
25,18719392,18719590,2,199,207,0,0,0,0,3,0.596680263
15,6639031,6639342,2,312,360,0,0,0,0,3,0.483735094
12,6639031,6639342,2,312,360,0,0,0,0,3,0.482831066
30,13340770,13340888,0,119,149,0,0,1,0,3,0.475470474
20,1230694,1230856,0,163,166,0,0,1,1,2,0.63861518
16,5425285,5425398,0,114,126,0,0,1,0,2,0.627293403
10,13344725,13344904,0,180,185,0,0,1,1,3,0.440213806
5,13344887,13345032,0,146,153,0,0,1,1,2,0.568959951
12,17806653,17806815,0,163,186,0,0,1,1,3,0.527755338
12,16373273,16373543,0,271,247,0,0,0,0,3,0.532694806
12,823489,823889,0,401,391,0,0,1,0,1,0.605829725
11,800917,801049,0,133,128,0,0,1,1,2,0.679575038
30,13340619,13340969,0,351,380,0,0,1,0,1,0.528556626
20,1230696,1230850,0,155,158,0,0,1,1,2,0.64183329
15,7185255,7185567,0,313,313,0,0,1,0,1,0.540621085
28,808156,808315,0,160,158,0,0,1,1,2,0.598720913
10,2412803,2413208,0,406,400,0,0,1,1,1,0.615055325
8,11284430,11284577,1,148,154,0,0,1,1,3,0.473743482
8,14578068,14578159,1,92,103,0,0,1,1,3,0.518642963
17,6777233,6777351,1,119,97,0,0,1,1,2,0.59460391
8,19621587,19621715,1,129,141,0,0,1,1,3,0.591170271
18,19045702,19045884,1,183,177,0,0,1,1,3,0.604131917
5,14367044,14367330,2,287,305,0,0,1,1,3,0.569005004
11,14367044,14367330,2,287,305,0,0,1,1,3,0.573662932
15,9663371,9663498,0,128,136,0,0,1,1,2,0.623574838
14,13204229,13204341,0,113,120,0,0,1,1,2,0.56955467
12,14141196,14141429,0,234,214,0,0,0,0,3,0.490817966
15,1721730,1721968,0,239,199,0,0,1,1,2,0.61742285
12,14981523,14981600,0,78,81,0,0,1,1,2,0.546227441
10,14982090,14982251,0,162,162,0,0,1,1,3,0.467567245
14,3792700,3792856,0,157,148,0,0,1,1,2,0.659814835
14,3792431,3792895,0,465,456,0,0,1,1,1,0.617200433
7,37113,37367,0,255,248,0,0,1,1,2,0.583521022
5,39946,40313,0,368,374,0,0,1,0,1,0.584779558
12,40590,40749,0,160,161,0,0,1,1,2,0.67434321
10,49300,49517,0,218,235,0,0,1,1,2,0.624622484
9,11078,11247,0,170,176,0,0,1,1,2,0.67353891
15,9917,10100,0,184,174,0,0,1,1,2,0.65630079
7,5917,6050,0,134,142,0,0,1,1,2,0.678884161
15,9917,10060,0,144,134,0,0,1,1,2,0.669139951
15,9915,10063,0,149,138,0,0,1,1,2,0.66849296
8,59109,59405,0,297,296,0,0,1,1,1,0.518593298
17,88345,88444,0,100,100,0,0,1,1,2,0.662004763
7,88345,88444,0,100,100,0,0,1,1,2,0.676152714
5,46479,46725,0,247,242,0,0,1,0,2,0.560237436
10,37419,37696,0,278,279,0,0,1,0,1,0.495406292
12,27609,27780,0,172,177,0,0,1,1,2,0.669079165
8,19687,20060,0,374,394,0,0,1,1,1,0.609764411
10,15266,15541,0,276,289,0,0,1,1,1,0.489222669
5,2327,2423,0,97,96,0,0,1,1,2,0.671051079
7,17354,17626,0,273,272,0,0,1,1,1,0.460382016
8,16508,16599,0,92,91,0,0,1,1,2,0.675453473
9,14552,14628,0,77,85,0,0,1,1,2,0.673106767
7,55366,55795,0,430,423,0,0,1,1,1,0.615208593
38,52393,52539,0,147,148,0,0,0,0,2,0.544648358
7,55378,55536,0,159,151,0,0,1,1,2,0.676797081
8,18277,18413,0,137,143,0,0,1,1,2,0.680287761
12,81214,81578,0,365,388,0,0,1,1,1,0.610934513
5,81214,81578,0,365,388,0,0,1,1,1,0.597352264
14,440,646,0,207,207,0,0,1,1,2,0.638591359
14,457,754,0,298,297,0,0,1,1,1,0.527949281
9,625,725,0,101,94,0,0,1,1,2,0.676977681
5,6366,6512,0,147,150,0,0,1,1,2,0.672074241
7,1087,1207,1,121,119,0,0,0,0,2,0.59291298
9,1087,1207,1,121,119,0,0,0,0,2,0.592982059
18,59676,59837,0,162,179,0,0,0,0,2,0.590487369
21,19063,19201,0,139,158,0,0,1,1,2,0.639381833
7,121649,121886,0,238,237,0,0,1,1,2,0.608160138
7,115499,115760,0,262,260,0,0,1,1,2,0.564383994
5,98977,99191,0,215,228,0,0,1,1,2,0.625638974
27,171022,171429,0,408,396,0,0,1,1,1,0.591111071
12,188,405,1,218,221,0,0,1,1,2,0.568014629
7,4311,4506,0,196,195,0,0,1,1,2,0.657781641
10,4095,4337,0,243,242,0,0,1,1,2,0.599375487
9,66107,66335,0,229,234,0,0,1,1,2,0.618418445
5,31914,32083,0,170,169,0,0,0,1,2,0.624837891
15,2098,2455,1,358,359,0,0,1,1,1,0.586319472
12,2098,2455,1,358,359,0,0,1,1,1,0.586082487
16,7316,7556,0,241,193,0,0,0,0,2,0.558636987
5,20680,20855,0,176,183,0,0,1,1,2,0.661726135
11,26075,26315,0,241,244,0,0,1,1,2,0.597736129
28,14768,14869,0,102,144,0,0,1,1,2,0.610164812
8,22615,22824,0,210,218,0,0,1,1,2,0.641227262
28,14720,14882,0,163,204,0,0,1,1,2,0.585175209
11,3762,3905,0,144,139,0,0,1,1,2,0.679411536
16,279,475,0,197,198,0,0,1,1,2,0.63894057
15,2949,3056,0,108,116,0,0,1,1,2,0.669643171
7,24230,24442,0,213,194,0,0,1,1,2,0.650071801
7,52571,52849,0,279,284,0,0,1,1,1,0.4814541
12,24858,25128,0,271,271,0,0,1,1,1,0.464182524
12,25105,25426,0,322,322,0,0,1,1,1,0.568015709
12,1121,1372,0,252,252,0,0,1,1,2,0.577342689
12,1121,1372,0,252,252,0,0,1,1,2,0.577342689
12,24858,25128,0,271,252,0,0,1,1,2,0.556940469
12,1121,1372,0,252,252,0,0,1,1,2,0.577342689
8,555,734,0,180,206,0,0,1,1,2,0.659851319
12,2079,2196,0,118,117,0,0,1,0,2,0.644798
7,44243,44442,0,200,203,0,0,1,1,2,0.652657127
8,33637,33778,0,142,142,0,0,1,1,2,0.680218257
7,62767,62863,0,97,102,0,0,1,1,2,0.676034925
5,55556,55733,0,178,177,0,0,1,1,2,0.662847282
7,62,212,0,151,150,0,0,1,1,2,0.677731827
16,781,1086,1,306,271,0,0,1,1,1,0.525836348
25,30263,30450,0,188,168,0,0,0,0,2,0.565638863
25,30206,30466,0,261,240,0,0,0,0,1,0.49268651
30,25322,25635,0,314,314,0,0,1,1,1,0.537968012
30,25001,25343,0,343,338,0,0,0,0,1,0.560096028
12,199839,199966,0,128,116,0,0,1,1,2,0.677760242
42,221361,221517,0,157,197,0,0,1,1,2,0.539311683
7,66037,66166,0,130,129,0,0,1,1,2,0.679122522
12,71775,71915,0,141,162,0,0,1,1,2,0.675808858
10,147824,148017,0,194,194,0,0,1,1,2,0.660627785
10,135530,135925,0,396,387,0,0,0,0,1,0.595825614
42,221299,221480,0,182,221,0,0,1,1,2,0.528683177
12,199853,199976,0,124,111,0,0,1,0,2,0.644737133
24,1142,1341,0,200,195,0,0,0,1,2,0.572691012
8,39788,39983,0,196,199,0,0,1,1,2,0.657727229
10,54379,54519,0,141,113,0,0,1,1,2,0.679374283
6,434,617,0,184,187,0,0,0,0,2,0.593812854
8,39610,39993,0,384,386,0,0,1,1,1,0.610641004
8,131,287,0,157,166,0,0,1,1,2,0.676852313
19,9098,9485,0,388,385,0,0,1,1,1,0.605670272
13,23171,23360,0,190,177,0,0,1,1,2,0.661015351
12,23171,23360,0,190,177,0,0,1,1,2,0.66389568
7,14018,14117,0,100,99,0,0,1,1,2,0.676019065
10,34694,34986,0,293,278,0,0,1,1,1,0.496575517
10,7496,7710,0,215,188,0,0,1,1,2,0.652725874
8,16464,16604,0,141,141,0,0,1,1,2,0.680272073
5,129482,130017,0,536,542,0,0,1,1,1,0.60741485
7,16583,16664,0,82,81,0,0,1,1,2,0.671944398
15,107839,108032,0,194,193,0,0,1,1,2,0.646796108
8,16527,16607,0,81,80,0,0,1,1,2,0.672657265
7,114841,115114,0,274,306,0,0,1,1,1,0.50063324
8,114841,115114,0,274,322,0,0,1,1,1,0.519377313
8,113846,114187,0,342,322,0,0,1,1,1,0.574393904
16,113846,114187,0,342,384,0,0,1,1,1,0.599592197
8,114841,115114,0,274,322,0,0,1,1,1,0.519377313
8,113846,114187,0,342,322,0,0,1,1,1,0.574393904
11,114841,115114,0,274,255,0,0,1,1,2,0.55205966
7,5,342,1,338,337,0,0,1,1,1,0.566450593
10,2866,3205,0,340,343,0,0,1,1,1,0.588692681
5,13728,13855,0,128,128,0,0,1,1,2,0.673745286
14,4225,4447,0,223,211,0,0,1,1,2,0.627195558
9,6685,6852,0,168,170,0,0,1,1,2,0.67518871
14,4222,4458,0,237,224,0,0,1,1,2,0.608893967
14,14676,15056,0,381,380,0,0,1,1,1,0.611839953
6,637,816,0,180,179,0,0,1,1,2,0.665481509
6,21305,21400,0,96,103,0,0,1,1,2,0.674064064
18,14464,14720,0,257,208,0,0,0,0,2,0.538465004
6,21301,21400,0,100,106,0,0,1,1,2,0.674632508
26,15401,15861,1,461,466,0,0,1,1,1,0.598596136
6,6609,6815,1,207,222,0,0,0,1,2,0.55652738
7,168961,169133,0,173,169,0,0,1,1,2,0.67225468
8,138987,139159,0,173,161,0,0,1,1,2,0.675050252
6,129893,130036,0,144,139,0,0,1,1,2,0.67631641
10,124519,124719,0,201,180,0,0,1,1,2,0.662288063
7,115981,116239,0,259,255,0,0,1,1,2,0.572703522
9,96435,96670,0,236,244,0,0,1,1,2,0.604565396
7,124602,124722,0,121,100,0,0,1,1,2,0.676986627
19,59051,59234,0,184,194,0,0,1,1,2,0.630262692
17,62005,62315,0,311,280,0,0,0,0,1,0.534287717
25,62555,62953,1,399,390,0,0,1,1,1,0.588394546
12,141960,142038,0,79,93,0,0,1,1,2,0.672158023
10,123602,123841,0,240,242,0,0,1,1,2,0.602089594
5,120333,120607,0,275,274,0,0,1,0,1,0.481992806
12,141894,142074,0,181,194,0,0,1,1,2,0.661477472
11,39801,39988,0,188,138,0,0,1,1,2,0.671184655
28,676,855,0,180,199,0,0,1,1,2,0.581744878
8,116836,117021,0,186,185,0,0,1,1,2,0.6665922
7,153236,153370,0,135,134,0,0,1,1,2,0.679166083
10,153716,153902,0,187,192,0,0,1,1,2,0.663930978
11,161462,161559,1,98,99,0,0,1,1,2,0.629695906
9,13044,13243,0,200,224,0,0,1,1,2,0.642912145
10,100295,100591,0,297,294,0,0,1,1,1,0.520406256
11,24,361,0,338,367,0,0,1,1,1,0.59713384
21,24,361,0,338,367,0,0,1,1,1,0.583596998
15,102419,102545,0,127,131,0,0,1,1,2,0.670132875
14,27327,27432,0,106,112,0,0,1,1,2,0.67225449
13,19330,19452,0,123,125,0,0,1,1,2,0.675935918
15,163305,163583,0,279,261,0,0,1,1,1,0.467970011
7,130791,130882,0,92,90,0,0,1,1,2,0.674343784
7,128186,128481,0,296,295,0,0,1,1,1,0.513859517
5,19661,19752,0,92,99,0,0,1,1,2,0.670860663
29,49840,50258,0,419,454,0,0,0,0,1,0.591461502
7,54026,54209,0,184,198,0,0,1,1,2,0.66077279
13,19267,19555,0,289,290,0,0,1,1,1,0.510396166
7,130790,130893,0,104,102,0,0,1,1,2,0.67665393
23,53866,54181,0,316,323,0,0,1,1,1,0.552350291
15,54127,54410,0,284,283,0,0,1,1,1,0.498700461
10,6952,7096,0,145,144,0,0,1,1,2,0.680259582
7,57757,57840,0,84,83,0,0,1,1,2,0.672490765
5,71683,71891,0,209,208,0,0,1,1,2,0.640094746
7,86484,86637,0,154,157,0,0,1,0,2,0.635982563
5,11881,12059,0,179,178,0,0,1,1,2,0.662314501
7,40120,40398,0,279,278,0,0,1,0,1,0.49109692
6,6530,6785,0,256,247,0,0,1,1,2,0.582711037
15,1060,1216,0,157,155,0,0,1,0,2,0.629921753
15,960,1228,0,269,266,0,0,1,0,1,0.483990433
7,62945,63075,0,131,125,0,0,1,1,2,0.679001901
16,62313,62520,0,208,198,0,0,1,1,2,0.633866732
11,62053,62395,0,343,335,0,0,1,1,1,0.587174225
11,62053,62395,0,343,335,0,0,1,1,1,0.587174225
11,62456,62777,0,322,311,0,0,1,1,1,0.559611154
11,10943,11088,0,146,167,0,0,1,0,2,0.6359905
25,5016,5379,1,364,391,0,0,1,1,1,0.582625512
11,262653,262876,0,224,230,0,0,1,1,2,0.622887105
7,170822,171199,0,378,376,0,0,1,0,1,0.592553213
7,202043,202429,0,387,386,0,0,1,1,1,0.608718144
10,118059,118225,0,167,165,0,0,1,1,2,0.675907593
11,240667,240841,0,175,174,0,0,1,1,2,0.671315499
7,243753,243878,0,126,125,0,0,1,1,2,0.679046116
10,243860,244043,0,184,185,0,0,1,1,2,0.667285721
11,262722,262806,0,85,91,0,0,1,1,2,0.674002933
11,116631,116829,0,199,198,0,0,1,1,2,0.655481966
11,262723,262843,0,121,126,0,0,1,1,2,0.679628981
34,48473,48748,0,276,274,0,0,1,1,1,0.505194949
7,477,570,0,94,93,0,0,1,1,2,0.67484391
5,450,584,0,135,138,0,0,1,1,2,0.67344037
7,6688,6885,0,198,198,0,0,1,1,2,0.655726643
13,43105,43276,0,172,173,0,0,1,1,2,0.667217796
26,157,335,2,179,210,0,0,1,1,2,0.522208178
33,5735,5919,0,185,171,0,0,0,0,2,0.543214631
8,13716,13937,0,222,185,0,0,1,1,2,0.649685943
7,1444,1736,0,293,292,0,0,1,1,1,0.507257622
5,1383,1564,0,182,181,0,0,1,1,2,0.660703534
8,37726,38129,0,404,398,0,0,1,1,1,0.614437014
16,861,1045,0,185,193,0,0,1,1,2,0.64555902
9,8994,9182,0,189,191,0,0,1,1,2,0.664016407
13,841,1026,0,186,187,0,0,1,1,2,0.659411791
8,2464,2821,0,358,360,0,0,1,1,1,0.598289443
7,2962,3125,0,164,169,0,0,1,1,2,0.673824287
7,115,353,0,239,247,0,0,0,1,2,0.564048396
11,121274,121429,0,156,157,0,0,1,1,2,0.677363847
7,103406,103601,0,196,195,0,0,1,1,2,0.657842
11,21987,22284,0,298,273,0,0,1,0,1,0.5086325
15,73357,73558,0,202,158,0,0,1,1,2,0.653155038
10,15520,15940,1,421,393,0,0,0,0,1,0.595527164
5,15264,15392,0,129,128,0,0,1,1,2,0.673738877
12,18991,19119,0,129,129,0,0,1,1,2,0.678201526
9,3232,3564,0,333,332,0,0,1,1,1,0.577917257
10,2637,2815,0,179,178,0,0,1,1,2,0.670567019
5,11135,11256,0,122,122,0,0,1,1,2,0.673648748
19,28441,28555,1,115,117,0,0,1,1,2,0.613555239
6,1534,1726,0,193,192,0,0,1,1,2,0.657310844
5,5074,5266,0,193,192,0,0,1,1,2,0.653671693
10,6966,7140,0,175,176,0,0,1,1,2,0.672058737
17,14486,14790,0,305,296,0,0,1,1,1,0.533275621
8,84142,84516,0,375,364,0,0,1,1,1,0.604138856
7,10634,10798,1,165,164,0,0,1,1,2,0.612111986
5,13636,13890,0,255,258,0,0,1,1,2,0.572421061
7,13640,13775,0,136,138,0,0,1,1,2,0.679031266
7,1194,1332,0,139,138,0,0,1,1,2,0.678947517
8,17322,17504,0,183,176,0,0,1,1,2,0.669846376
6,54170,54314,0,145,149,0,0,1,1,2,0.675707586
13,10274,10536,0,263,264,0,0,1,1,2,0.550271011
7,10332,10476,0,145,144,0,0,1,0,2,0.639597617
19,54513,54822,0,310,266,0,0,0,0,1,0.526956001
16,61285,61458,0,174,160,0,0,0,0,2,0.597210949
21,64565,64991,0,427,456,0,0,0,0,1,0.604018034
9,61132,61291,1,160,159,0,0,0,0,2,0.577284091
9,161002,161144,0,143,149,0,0,1,1,2,0.680448861
9,151506,151648,0,143,150,0,0,1,1,2,0.680371366
10,27158,27324,0,167,172,0,0,1,1,2,0.67458347
8,83364,83439,0,76,75,0,0,1,1,2,0.67127146
9,76381,76471,0,91,90,0,0,1,1,2,0.675583507
9,160979,161141,0,163,168,0,0,1,1,2,0.676447787
7,76371,76522,0,152,150,0,0,1,1,2,0.677694594
9,83294,83550,0,257,253,0,0,1,1,2,0.575998212
9,151461,151643,1,183,189,0,0,1,1,2,0.599974105
6,41241,41404,0,164,168,0,0,1,1,2,0.671294304
6,41135,41394,0,260,263,0,0,1,1,2,0.563313038
36,34107,34273,0,167,163,0,0,0,0,2,0.542214287
15,33465,33660,0,196,183,0,0,1,1,2,0.649495115
10,33684,33797,1,114,119,0,0,0,0,2,0.593733053
22,113075,113341,0,267,282,0,0,1,1,1,0.491597036
7,112174,112339,0,166,165,0,0,1,1,2,0.674262639
14,65679,65952,0,274,274,0,0,1,0,1,0.493338155
5,54711,54920,0,210,209,0,0,1,1,2,0.639096498
5,40967,41266,0,300,299,0,0,1,1,1,0.51563794
5,39904,39999,0,96,99,0,0,1,1,2,0.671238923
7,32123,32488,0,366,371,0,0,1,1,1,0.601058444
7,14138,14419,0,282,267,0,0,1,1,1,0.464900767
11,14138,14419,0,282,267,0,0,1,1,1,0.470911714
8,13958,14170,0,213,212,0,0,1,1,2,0.64304697
12,5301,5487,0,187,192,0,0,1,1,2,0.660254834
16,3132,3244,0,113,111,0,0,1,1,2,0.666346021
16,2895,3395,0,501,498,0,0,1,1,1,0.617126628
12,44984,45135,1,152,154,0,0,1,1,2,0.616035346
10,30413,30555,0,143,136,0,0,1,1,2,0.680524627
11,30893,31113,0,221,219,0,0,1,1,2,0.632403219
9,21446,21529,0,84,87,0,0,1,1,2,0.674337615
8,21491,21591,0,101,101,0,0,1,1,2,0.677404831
9,21436,21531,0,96,98,0,0,1,1,2,0.676997554
8,21480,21570,0,91,90,0,0,1,1,2,0.675224884
7,62265,62406,0,142,144,0,0,1,1,2,0.67868546
7,2401,2536,0,136,138,0,0,1,1,2,0.679022544
10,170,345,0,176,187,0,0,1,1,2,0.668717226
31,3867,4008,1,142,163,0,0,1,1,2,0.563616266
12,3545,3670,0,126,160,0,0,0,0,2,0.61390495
39,3545,3670,0,126,160,0,0,0,0,2,0.543910725
11,4041,4433,1,393,345,0,0,0,0,1,0.584178696
13,4379,4776,0,398,402,0,0,1,0,1,0.607034762
27,75255,75410,0,156,197,0,0,1,1,2,0.594314478
11,80470,80827,1,358,371,0,0,1,1,1,0.588468503
6,178509,178648,0,140,136,0,0,1,1,2,0.676609998
8,80708,80891,0,184,184,0,0,1,1,2,0.667500188
36,8809,9012,0,204,245,0,0,1,0,1,0.480018961
5,8687,8847,0,161,168,0,0,1,1,2,0.668107544
8,141125,141474,0,350,356,0,0,1,1,1,0.594223559
8,80685,80858,0,174,173,0,0,1,1,2,0.672894644
9,210989,211266,0,278,284,0,0,1,1,1,0.483882429
6,178564,178646,0,83,78,0,0,1,1,2,0.670042109
7,56369,56544,0,176,174,0,0,0,0,2,0.600824926
5,51190,51561,0,372,374,0,0,1,1,1,0.596195476
5,14271,14533,0,263,257,0,0,1,1,2,0.565835348
10,211126,211445,0,320,321,0,0,1,1,1,0.564608396
10,203494,203834,0,341,330,0,0,1,1,1,0.582803719
10,203494,203834,0,341,330,0,0,1,1,1,0.582803719
10,203132,203515,0,384,384,0,0,1,1,1,0.613433451
10,178542,178818,0,277,273,0,0,1,1,1,0.470694372
10,161021,161269,0,249,249,0,0,1,1,2,0.587158354
10,161041,161269,0,229,229,0,0,1,1,2,0.621563733
10,142412,142533,0,122,112,0,0,1,1,2,0.679764217
5,210999,211160,0,162,168,0,0,1,1,2,0.668046968
5,211126,211445,0,320,321,0,0,1,1,1,0.549820252
7,4322,4439,0,118,117,0,0,1,1,2,0.67841514
13,5519,5647,0,129,173,0,0,1,0,2,0.634650666
7,6132,6321,0,190,198,0,0,1,1,2,0.658807899
10,43896,44147,0,252,256,0,0,1,1,2,0.576939603
21,29681,29806,0,126,161,0,0,1,1,2,0.640204543
6,33510,33777,0,268,223,0,0,0,0,2,0.539202498
7,3118,3327,1,210,215,0,0,1,0,2,0.558156985
22,28,184,0,157,182,0,0,1,1,2,0.625260639
14,35830,35952,0,123,134,0,0,1,1,2,0.673215175
7,36663,36793,0,131,112,0,0,1,1,2,0.678098364
6,3606,3960,1,355,359,0,0,0,0,1,0.57350291
11,3606,3960,1,355,359,0,0,0,0,1,0.579879369
27,49235,49470,0,236,236,0,0,1,1,2,0.545836867
27,49447,49735,1,289,287,0,0,1,1,1,0.526581162
19,62400,62590,0,191,197,0,0,1,1,2,0.626486725
6,55840,55981,0,142,146,0,0,1,1,2,0.676077087
10,59015,59336,0,322,315,0,0,0,0,1,0.552283244
5,55090,55245,0,156,155,0,0,1,1,2,0.670728446
7,23777,24128,0,352,351,0,0,1,1,1,0.590196273
9,25798,26191,0,394,393,0,0,1,1,1,0.614701679
19,62388,62572,0,185,190,0,0,1,1,2,0.631409874
6,55829,55984,0,156,159,0,0,1,1,2,0.673765193
6,52457,52752,1,296,297,0,0,0,1,1,0.526730637
19,1286,1445,0,160,151,0,0,1,1,2,0.647603688
9,1966,2101,1,136,142,0,0,1,1,2,0.622671392
32,5844,6239,0,396,396,0,0,1,1,1,0.577170714
11,48447,48728,0,282,263,0,0,1,1,1,0.466003488
5,2957,3285,0,329,330,0,0,1,1,1,0.56118276
19,34114,34316,1,203,179,0,0,1,1,2,0.578598435
19,34143,34416,1,274,249,0,0,1,0,1,0.505673635
7,32472,32653,0,182,171,0,0,1,1,2,0.669515279
7,20422,20709,0,288,260,0,0,1,1,1,0.463558241
6,32241,32647,1,407,387,0,0,1,1,1,0.593543031
13,10685,11107,1,423,412,0,0,1,1,1,0.605618312
19,89969,90244,0,276,299,0,0,1,1,1,0.510878032
17,118985,119269,0,285,287,0,0,1,1,1,0.506447859
12,130010,130138,0,129,102,0,0,1,1,2,0.676387269
7,145768,146108,0,341,337,0,0,1,1,1,0.579326742
12,149337,149557,0,221,223,0,0,1,1,2,0.627558762
8,84896,85189,1,294,293,0,0,1,0,1,0.529630321
7,13245,13471,0,227,224,0,0,1,1,2,0.625757931
8,2099,2318,0,220,220,0,0,1,1,2,0.634148929
12,8879,9029,0,151,144,0,0,1,1,2,0.676940567
7,48382,48782,0,401,399,0,0,1,0,1,0.600944666
8,28819,28916,0,98,103,0,0,1,1,2,0.677306295
6,49194,49429,0,236,232,0,0,1,1,2,0.611821777
8,50935,51124,0,190,186,0,0,1,1,2,0.664891695
7,20615,20819,0,205,198,0,0,1,1,2,0.652555129
5,37349,37577,0,229,254,0,0,0,0,2,0.544076724
8,50858,51119,0,262,257,0,0,1,1,2,0.567148878
5,20427,20784,0,358,346,0,0,1,1,1,0.58280303
7,20327,20722,0,396,384,0,0,1,1,1,0.609483098
6,38918,39103,0,186,190,0,0,1,1,2,0.660459849
6,26521,26738,1,218,220,0,0,0,0,2,0.537629366
5,5409,5560,0,152,159,0,0,1,1,2,0.670631866
13,16472,16635,0,164,164,0,0,1,1,2,0.670549837
10,10221,10403,0,183,186,0,0,1,1,2,0.667175755
13,16402,16581,0,180,179,0,0,1,1,2,0.663679148
11,1571,1726,0,156,161,0,0,1,1,2,0.676784231
11,6778,6957,0,180,183,0,0,1,1,2,0.667595783
7,78,207,0,130,135,0,0,1,1,2,0.679078335
8,1083,1268,0,186,178,0,0,1,1,2,0.668428889
8,1070,1277,1,208,199,0,0,1,1,2,0.586391184
12,723,842,0,120,119,0,0,0,0,2,0.620956796
28,49223,49354,0,132,161,0,0,1,1,2,0.603531787
11,12473,12655,0,183,188,0,0,0,0,2,0.59353029
10,8407,8556,0,150,149,0,0,1,1,2,0.679675885
9,60930,61091,0,162,165,0,0,1,1,2,0.677040975
29,55010,55214,0,205,231,0,0,1,0,2,0.539845449
7,2034,2299,0,266,266,0,0,1,1,2,0.553484144
9,60887,61125,0,239,241,0,0,1,1,2,0.604657227
7,65237,65366,0,130,162,0,0,1,1,2,0.676621355
20,70711,71167,1,457,506,0,0,0,0,1,0.6034674
7,47251,47443,0,193,192,0,0,1,1,2,0.660127804
10,8992,9211,1,220,197,0,0,0,0,2,0.544119252
7,603,765,0,163,139,0,0,1,1,2,0.676438904
5,23351,23752,0,402,392,0,0,1,1,1,0.605047407
14,8487,8645,0,159,171,0,0,1,1,2,0.666697292
7,91612,91809,0,198,197,0,0,1,1,2,0.656200201
15,37454,37542,0,89,103,0,0,1,1,2,0.667701973
7,30700,30787,0,88,123,0,0,1,1,2,0.675471611
15,37338,37553,0,216,216,0,0,1,1,2,0.624589018
15,37564,37921,0,358,366,0,0,1,0,1,0.591387813
8,15376,15500,1,125,131,0,0,0,1,2,0.605193326
8,5707,5856,0,150,153,0,0,1,1,2,0.679112083
8,5712,6004,0,293,295,0,0,1,1,1,0.513166997
7,15767,15942,0,176,176,0,0,1,1,2,0.670063924
7,15780,15874,0,95,94,0,0,1,1,2,0.675062926
18,48387,48510,0,124,116,0,0,1,1,2,0.658613807
16,63234,63518,0,285,280,0,0,1,1,1,0.497714819
12,106527,106830,0,304,293,0,0,1,0,1,0.530163656
33,53449,53662,1,214,179,0,0,0,0,2,0.518115366
6,902,999,0,98,97,0,0,1,1,2,0.673736665
26,1818,1973,0,156,183,0,0,1,1,2,0.603664986
11,6686,7068,0,383,379,0,0,1,1,1,0.612971507
7,6686,7068,0,383,379,0,0,1,1,1,0.606687046
11,35583,35794,0,212,226,0,0,1,1,2,0.63334505
20,1461,1576,0,116,122,0,0,1,1,2,0.649912632
20,1437,1861,0,425,430,0,0,1,1,1,0.612479903
5,26711,27016,0,306,301,0,0,1,1,1,0.522970345
8,38802,38877,0,76,81,0,0,1,1,2,0.672110408
15,9385,9594,0,210,210,0,0,0,0,2,0.56796062
11,8174,8287,0,114,113,0,0,1,1,2,0.678589671
7,5086,5268,0,183,182,0,0,1,1,2,0.666689815
7,6911,7061,0,151,150,0,0,1,1,2,0.677737636
10,9668,9774,0,107,116,0,0,1,1,2,0.679145641
10,9598,10030,0,433,441,0,0,1,1,1,0.620018481
7,331,421,0,91,99,0,0,1,1,2,0.67509198
8,34850,35149,1,300,299,0,0,1,1,1,0.531777538
8,17789,18020,0,232,231,0,0,1,1,2,0.618312585
7,8232,8416,0,185,184,0,0,1,1,2,0.665515128
7,7755,7923,0,169,167,0,0,1,1,2,0.673339091
19,7903,8289,0,387,381,0,0,1,1,1,0.604752531
7,17695,18084,0,390,384,0,0,1,1,1,0.608739967
7,13084,13254,0,171,170,0,0,1,1,2,0.672419874
5,3081,3249,0,169,183,0,0,1,1,2,0.663207197
10,5107,5470,0,364,322,0,0,1,1,1,0.587389296
9,79069,79211,0,143,140,0,0,1,1,2,0.680797371
13,74966,75054,0,89,88,0,0,1,0,2,0.644758095
13,5726,6047,1,322,335,0,0,1,1,1,0.566253139
18,119175,119337,0,163,165,0,0,1,0,2,0.617450314
18,119170,119345,0,176,177,0,0,1,0,2,0.610476923
18,130638,130919,0,282,278,0,0,1,1,1,0.495239338
41,78649,79101,0,453,478,0,0,1,0,1,0.57361935
13,83068,83229,0,162,173,0,0,1,1,2,0.669172949
22,10501,10697,0,197,198,0,0,1,1,2,0.607060245
22,10464,10702,0,239,239,0,0,1,1,2,0.561835893
11,7738,7816,0,79,84,0,0,1,1,2,0.672318079
5,15111,15391,1,281,281,0,0,1,1,1,0.502794223
10,49943,50268,0,326,299,0,0,0,0,1,0.546271148
12,1226,1353,0,128,139,0,0,1,1,2,0.678038684
9,450,634,0,185,191,0,0,1,1,2,0.665327302
7,23025,23218,1,194,193,0,0,1,1,2,0.59433643
15,595,771,0,177,190,0,0,1,1,2,0.653582732
5,33578,33874,0,297,292,0,0,1,1,1,0.505580892
13,15452,15609,1,158,170,0,0,1,1,2,0.609601907
14,7041,7196,0,156,147,0,0,1,1,2,0.670605713
17,772,928,0,157,150,0,0,1,1,2,0.658012346
5,64781,64964,0,184,183,0,0,1,1,2,0.659600312
10,12798,12881,0,84,89,0,0,1,1,2,0.674326961
31,66,234,0,169,205,0,0,1,1,2,0.569559602
7,3757,3904,0,148,147,0,0,1,1,2,0.678159197
7,3804,3904,0,101,100,0,0,1,1,2,0.676187414
9,36554,36719,0,166,166,0,0,1,1,2,0.67625681
25,36705,36856,0,152,166,0,0,1,1,2,0.61419012
9,36549,36720,0,172,171,0,0,1,1,2,0.674241249
9,36578,36879,0,302,312,0,0,1,1,1,0.541197692
23,36578,36879,0,302,312,0,0,1,1,1,0.538688717
8,14181,14553,0,373,360,0,0,1,1,1,0.60246789
7,83222,83468,0,247,253,0,0,1,1,2,0.586347927
7,86330,86584,1,255,239,0,0,0,0,1,0.488075659
9,102151,102329,0,179,187,0,0,1,1,2,0.668483198
11,6613,6800,0,188,187,0,0,1,1,2,0.663872209
5,31524,31816,0,293,296,0,0,1,1,1,0.505628971
11,29953,30273,1,321,320,0,0,1,1,1,0.558030645
8,35009,35307,1,299,305,0,0,1,1,1,0.53472444
24,375,853,0,479,487,0,0,0,0,1,0.603536651
7,36585,36851,0,267,257,0,0,1,1,2,0.562202614
5,37196,37792,0,597,604,0,0,0,0,1,0.598217777
5,38322,38496,0,175,178,0,0,1,1,2,0.663322385
7,50668,50917,0,250,244,0,0,1,1,2,0.591908104
20,52558,52827,0,270,287,0,0,1,1,1,0.495443157
17,56463,56657,0,195,198,0,0,1,1,2,0.634960086
7,26890,26996,0,107,94,0,0,1,1,2,0.675885138
21,16062,16483,0,422,455,0,0,1,1,1,0.611269063
5,16689,16844,0,156,155,0,0,1,1,2,0.670703793
21,18026,18114,0,89,98,0,0,1,0,2,0.625704866
16,37795,37953,1,159,175,0,0,1,1,2,0.602177408
10,36213,36584,1,372,367,0,0,1,1,1,0.589911545
7,36306,36498,0,193,195,0,0,1,1,2,0.658977264
10,44983,45209,0,227,224,0,0,1,1,2,0.626536356
11,92521,92644,0,124,140,0,0,1,1,2,0.679544286
7,100636,101015,0,380,393,0,0,1,1,1,0.608447581
5,23376,23717,0,342,342,0,0,1,1,1,0.574400352
5,36029,36329,0,301,298,0,0,1,1,1,0.51561745
40,32547,33180,0,634,632,0,0,0,0,1,0.580739716
7,41425,41669,0,245,247,0,0,1,1,2,0.593721415
9,58076,58301,0,226,240,0,0,1,0,2,0.575016952
6,58027,58334,0,308,318,0,0,1,0,1,0.539406668
11,56212,56470,0,259,259,0,0,1,1,2,0.564583721
11,63017,63157,0,141,141,0,0,1,1,2,0.679555652
5,38934,39083,0,150,137,0,0,1,1,2,0.672509916
5,36050,36461,0,412,396,0,0,1,1,1,0.606606037
8,36050,36461,0,412,396,0,0,1,1,1,0.614703625
5,28395,28690,0,296,295,0,0,1,1,1,0.507703024
6,9341,9536,0,196,199,0,0,1,1,2,0.653406648
7,8982,9208,0,227,226,0,0,1,1,2,0.624407812
28,3023,3415,1,393,434,0,0,0,0,1,0.586844205
7,29680,29793,0,114,122,0,0,1,1,2,0.678412499
8,41016,41203,1,188,190,0,0,1,1,2,0.597901059
11,23482,23831,1,350,380,0,0,0,0,1,0.583104638
16,59584,59833,0,250,252,0,0,1,1,2,0.566986883
6,11870,11987,0,118,118,0,0,1,1,2,0.676327686
11,801,1063,1,263,262,0,0,0,0,1,0.508375726
6,17181,17270,0,90,98,0,0,1,1,2,0.673039984
6,16967,17251,0,285,294,0,0,1,1,1,0.497613877
11,13818,13985,0,168,180,0,0,1,1,2,0.671201238
24,29086,29284,0,199,192,0,0,0,0,2,0.557083813
13,8677,8820,0,144,131,0,0,1,1,2,0.675406865
7,12749,12913,0,165,164,0,0,1,1,2,0.674517123
5,39220,39316,0,97,96,0,0,1,1,2,0.671071362
5,53073,53172,0,100,99,0,0,1,1,2,0.671550243
8,73442,73613,0,172,171,0,0,1,1,2,0.673724921
24,29082,29287,0,206,198,0,0,0,0,2,0.552213434
10,20728,21013,0,286,279,0,0,1,1,1,0.489294135
11,13873,13947,0,75,86,0,0,1,1,2,0.672004909
24,56461,56729,0,269,284,0,0,1,1,1,0.497618253
5,2330,2408,0,79,78,0,0,1,1,2,0.667367489
20,165,270,2,106,134,0,0,0,0,2,0.542876883
8,48211,48488,0,278,268,0,0,1,1,1,0.46275172
7,47617,48101,0,485,484,0,0,1,0,1,0.610197764
7,128151,128415,0,265,264,0,0,1,1,2,0.556822499
26,109827,110189,0,363,359,0,0,0,0,1,0.57545019
10,14808,14899,0,92,110,0,0,1,1,2,0.677190068
5,42761,43133,1,373,389,0,0,1,0,1,0.583418355
5,5917,6031,0,115,114,0,0,1,1,2,0.673225243
8,2213,2330,0,118,121,0,0,1,1,2,0.679883098
7,4037,4289,0,253,249,0,0,1,1,2,0.584488861
8,2242,2326,0,85,87,0,0,1,1,2,0.674121865
8,19504,19815,0,312,314,0,0,1,1,1,0.549106548
19,724,966,0,243,270,0,0,0,0,1,0.4901468
9,42069,42204,0,136,141,0,0,1,1,2,0.680935729
5,10204,10720,0,517,482,0,0,0,0,1,0.602834762
16,10204,10720,0,517,482,0,0,0,0,1,0.609605548
16,7670,8250,0,581,619,0,0,0,0,1,0.602701852
10,25013,25226,0,214,213,0,0,1,1,2,0.641768865
13,8825,8919,0,95,96,0,0,1,1,2,0.672495541
7,106583,106697,1,115,114,0,0,1,0,2,0.609711095
10,94,287,0,194,199,0,0,1,1,2,0.658475424
5,10631,10769,0,139,138,0,0,1,1,2,0.673303027
5,17186,17343,0,158,157,0,0,1,1,2,0.670218133
19,1899,1981,0,83,92,0,0,1,1,2,0.653521139
8,6485,6644,0,160,162,0,0,1,1,2,0.677138869
13,6791,6906,0,116,112,0,0,1,1,2,0.675186209
17,6555,6658,0,104,108,0,0,1,1,2,0.662446485
13,6785,7014,0,230,225,0,0,1,1,2,0.616903748
20,13955,14109,1,155,181,0,0,1,1,2,0.590642241
6,215,372,0,158,162,0,0,1,1,2,0.673081538
12,113342,113524,0,183,186,0,0,1,1,2,0.663696
11,89514,89668,0,155,161,0,0,1,1,2,0.676952853
7,100689,101008,0,320,332,0,0,1,0,1,0.556099452
7,52117,52207,0,91,96,0,0,1,1,2,0.674858318
7,15963,16057,0,95,103,0,0,1,1,2,0.675870512
12,113332,113481,0,150,152,0,0,1,1,2,0.676563403
11,89509,89869,0,361,366,0,0,1,1,1,0.605217072
10,52080,52469,0,390,391,0,0,1,1,1,0.615188308
10,51789,52124,0,336,328,0,0,1,1,1,0.579017625
7,51682,51984,1,303,299,0,0,1,0,1,0.535525815
8,1446,1599,0,154,160,0,0,1,1,2,0.678038645
8,1472,1651,0,180,185,0,0,1,1,2,0.668273235
10,16233,16475,0,243,240,0,0,1,1,2,0.601168546
7,5375,5476,0,102,102,0,0,1,0,2,0.64576609
7,27780,28163,0,384,383,0,0,1,1,1,0.607640779
11,31471,31733,0,263,279,0,0,1,1,1,0.462518699
7,31589,31734,0,146,144,0,0,1,0,2,0.639459422
7,31823,31978,0,156,155,0,0,1,1,2,0.676839493
8,167473,167600,1,128,142,0,0,1,1,2,0.623648753
7,187,281,0,95,94,0,0,1,1,2,0.675052915
10,75666,75834,0,169,182,0,0,1,1,2,0.671785474
11,75666,75834,0,169,182,0,0,1,1,2,0.670498965
21,12977,13115,0,139,144,0,0,1,1,2,0.641495408
12,43111,43227,0,117,107,0,0,1,1,2,0.676818068
7,42852,43214,0,363,348,0,0,1,1,1,0.592818625
8,98953,99174,0,222,207,0,0,1,1,2,0.640421441
11,68745,68955,0,211,216,0,0,1,1,2,0.640302662
10,101286,101481,0,196,203,0,0,1,1,2,0.655924131
7,126235,126373,0,139,136,0,0,1,0,2,0.641447193
8,99007,99161,0,155,139,0,0,1,1,2,0.679230574
5,70569,70704,0,136,104,0,0,1,0,2,0.641008007
10,70569,70704,0,136,104,0,0,1,0,2,0.645031
10,70544,70721,0,178,147,0,0,1,0,2,0.63355524
15,96940,97063,0,124,134,0,0,1,1,2,0.670064711
8,9389,9509,0,121,132,0,0,1,1,2,0.680193564
7,45281,45433,0,153,161,0,0,1,1,2,0.67641728
7,26435,26657,0,223,255,0,0,1,1,2,0.604216079
11,102208,102350,0,143,142,0,0,1,1,2,0.679457391
30,107964,108126,0,163,176,0,0,1,1,2,0.584071108
8,9387,9565,0,179,189,0,0,1,1,2,0.667224774
15,96881,97028,0,148,157,0,0,1,1,2,0.66690505
7,13955,14059,0,105,116,0,0,1,1,2,0.677537591
21,2506,2687,0,182,186,0,0,1,1,2,0.622719763
10,2212,2336,0,125,167,0,0,1,1,2,0.677357126
21,2512,2692,0,181,184,0,0,1,1,2,0.623708911
12,360,532,1,173,197,0,0,1,1,2,0.598124765
7,16921,17110,0,190,183,0,0,1,1,2,0.664139073
7,16921,17110,0,190,183,0,0,1,1,2,0.664139073
11,7781,7980,0,200,194,0,0,1,1,2,0.656615053
9,125100,125191,0,92,92,0,0,1,1,2,0.675958598
7,1013,1160,0,148,146,0,0,1,1,2,0.678209042
13,4666,5055,1,390,410,0,0,0,0,1,0.595751658
26,2945,3215,0,271,226,0,0,0,0,1,0.492162982
18,61978,62228,0,251,261,0,0,1,1,2,0.550605324
5,57809,58007,0,199,198,0,0,1,1,2,0.649081788
22,29968,30117,0,150,150,0,0,1,1,2,0.633780139
6,34919,35264,0,346,338,0,0,1,1,1,0.57844271
22,29814,30110,0,297,296,0,0,1,1,1,0.525823275
10,26595,26875,1,281,280,0,0,1,1,1,0.509800787
14,49769,49905,0,137,138,0,0,1,1,2,0.672895545
14,49774,49912,0,139,141,0,0,1,1,2,0.672658328
10,49665,49892,0,228,227,0,0,1,1,2,0.623710274
7,90,256,0,167,171,0,0,1,1,2,0.672956767
7,3834,3912,0,79,78,0,0,1,1,2,0.671121848
10,13404,13622,0,219,224,0,0,1,1,2,0.631895111
15,73539,73801,0,263,270,0,0,1,1,1,0.460447758
5,64043,64480,0,438,466,0,0,1,1,1,0.611287963
8,59684,59878,0,195,197,0,0,1,1,2,0.658995324
13,68840,68959,0,120,123,0,0,1,1,2,0.675855465
10,46357,46465,0,109,108,0,0,1,1,2,0.678793627
13,68832,68967,0,136,138,0,0,1,1,2,0.675799277
14,68480,68799,0,320,317,0,0,1,1,1,0.562682282
14,68480,68854,0,375,371,0,0,1,1,1,0.608830368
10,9688,9923,0,236,237,0,0,1,1,2,0.609742517
12,3664,3789,0,126,113,0,0,1,0,2,0.644435001
8,21238,21558,1,321,318,0,0,1,1,1,0.553157749
8,1693,1799,0,107,115,0,0,1,1,2,0.678897784
12,1469,1840,0,372,375,0,0,1,1,1,0.610232525
10,3176,3373,2,198,203,0,0,1,1,2,0.532654808
6,26282,26417,0,136,136,0,0,1,1,2,0.676682954
20,17062,17177,0,116,134,0,0,1,1,2,0.64920698
6,26272,26534,0,263,262,0,0,1,1,2,0.561276046
20,17077,17227,0,151,168,0,0,1,1,2,0.640895148
7,34344,34566,0,223,222,0,0,1,1,2,0.629730633
5,100848,101052,0,205,211,0,0,1,1,2,0.640531501
16,697,1086,1,390,392,0,0,1,1,1,0.598920283
16,284,413,0,130,138,0,0,1,1,2,0.666014777
20,32655,32758,0,104,134,0,0,1,1,2,0.649394864
26,32604,32737,0,134,175,0,0,1,1,2,0.610180395
15,238993,239509,0,517,514,0,0,1,1,1,0.616136661
16,220944,221258,0,315,316,0,0,1,1,1,0.557029152
28,219940,220368,0,429,457,0,0,0,0,1,0.594256202
7,211090,211232,0,143,142,0,0,1,1,2,0.678777032
15,219048,219202,0,155,152,0,0,1,0,2,0.630996233
18,29667,29983,0,317,290,0,0,0,0,1,0.542731157
7,36130,36309,0,180,179,0,0,1,1,2,0.668350677
5,1563,1741,0,179,182,0,0,1,1,2,0.66124878
39,42040,42241,1,202,193,0,0,0,0,1,0.488870096
8,1259,1328,0,70,78,0,0,1,1,2,0.67077021
8,3244,3371,0,128,149,0,0,1,1,2,0.679678989
7,7433,7546,0,114,116,0,0,1,1,2,0.678188419
7,3175,3420,0,246,266,0,0,1,1,2,0.574263324
8,3175,3420,0,246,266,0,0,1,1,2,0.574117327
10,64432,65079,1,648,600,0,0,0,0,1,0.597515632
11,64432,65079,1,648,600,0,0,0,0,1,0.597888961
40,7331,7569,0,239,268,0,0,0,0,1,0.507968836
12,6415,6536,0,122,124,0,0,1,1,2,0.67798718
12,6312,6590,0,279,280,0,0,1,1,1,0.484862642
19,150170,150312,0,143,167,0,0,1,1,2,0.647538138
16,56705,56846,0,142,146,0,0,1,1,2,0.66472959
11,25542,25756,0,215,205,0,0,0,0,2,0.573845847
11,98005,98174,0,170,169,0,0,1,1,2,0.673391597
17,68339,68537,0,199,198,0,0,1,1,2,0.633254579
12,56704,56847,0,144,139,0,0,1,1,2,0.677714279
19,150197,150339,0,143,166,0,0,1,1,2,0.647744889
12,25512,25756,0,245,238,0,0,0,0,2,0.538798149
22,25512,25756,0,245,238,0,0,0,0,1,0.47828881
43,150125,150364,0,240,260,0,0,1,1,1,0.495677698
10,22749,23052,0,304,304,0,0,0,0,1,0.537869011
27,33209,33379,0,171,200,0,0,1,1,2,0.589123401
12,66556,66743,0,188,194,0,0,1,1,2,0.659191784
15,88096,88326,0,231,246,0,0,1,1,2,0.592489828
11,11494,11664,0,171,172,0,0,1,1,2,0.672536578
5,27049,27405,1,357,311,0,0,0,1,1,0.555087698
6,13322,13474,0,153,157,0,0,1,1,2,0.674289769
17,13944,14091,0,148,160,0,0,1,1,2,0.657859557
7,16848,17043,0,196,158,0,0,1,1,2,0.666513756
16,4211,4501,1,291,260,0,0,1,1,1,0.509293123
7,38851,39034,0,184,186,0,0,1,1,2,0.665227189
6,38851,39034,0,184,186,0,0,1,1,2,0.662394011
8,61971,62182,0,212,185,0,0,1,1,2,0.655353442
7,52677,53184,0,508,478,0,0,1,1,1,0.613806654
8,47150,47323,0,174,176,0,0,1,1,2,0.672208607
17,12802,13162,0,361,375,0,0,1,1,1,0.601780006
9,4404,4592,0,189,188,0,0,1,1,2,0.665055739
7,7441,7708,0,268,263,0,0,1,1,2,0.554603641
41,46551,46799,0,249,286,0,0,0,0,1,0.515073632
5,98048,98261,0,214,213,0,0,1,1,2,0.634989784
12,85280,85460,0,181,152,0,0,1,1,2,0.670870574
31,27699,28037,0,339,354,0,0,0,0,1,0.561544603
23,12071,12298,0,228,263,0,0,1,1,2,0.548607233
10,75181,75451,0,271,295,0,0,0,0,1,0.512843442
7,99830,100008,0,179,178,0,0,1,1,2,0.668898945
8,128695,128847,0,153,159,0,0,1,1,2,0.678330376
19,42211,42467,0,257,265,0,0,1,1,1,0.460883946
19,10274,10391,0,118,129,0,0,1,1,2,0.654080293
7,28613,28801,0,189,188,0,0,1,1,2,0.662963211
5,10279,10446,0,168,178,0,0,1,1,2,0.664756035
10,204,564,0,361,360,0,0,1,0,1,0.588810986
5,3131,3304,0,174,173,0,0,1,1,2,0.664687564
8,356,542,0,187,190,0,0,1,1,2,0.664547122
5,356,542,0,187,190,0,0,1,1,2,0.656426929
8,90690,90781,1,92,94,0,0,1,1,2,0.63036981
9,90658,90802,1,145,145,0,0,1,1,2,0.620786295
8,81677,81929,0,253,217,0,0,1,1,2,0.61114311
8,286,393,0,108,111,0,0,1,1,2,0.678754157
7,34330,34505,0,176,181,0,0,1,1,2,0.668810369
10,46739,47140,0,402,413,0,0,0,0,1,0.600353662
10,198359,198471,0,113,116,0,0,1,1,2,0.679691966
7,209830,209920,0,91,90,0,0,1,1,2,0.67425253
8,209806,209915,0,110,109,0,0,1,1,2,0.678837354
8,209806,209917,0,112,111,0,0,1,1,2,0.679107156
13,26298,26546,0,249,249,0,0,1,1,2,0.580654118
12,5846,6237,0,392,399,0,0,1,1,1,0.617074065
20,919,1186,0,268,281,0,0,1,1,1,0.488103427
7,61356,61554,0,199,196,0,0,1,1,2,0.656163928
9,41755,42143,0,389,398,0,0,1,1,1,0.614613016
8,17056,17436,0,381,386,0,0,1,1,1,0.610105554
5,9159,9384,0,226,217,0,0,1,1,2,0.625751986
7,63351,63747,0,397,394,0,0,1,1,1,0.61107858
7,61525,61856,0,332,327,0,0,1,1,1,0.568934858
7,63351,63747,0,397,394,0,0,1,1,1,0.61107858
23,18099,18162,2,64,98,0,0,1,1,2,0.562650361
7,41167,41375,0,209,211,0,0,1,1,2,0.644320155
8,25022,25115,0,94,99,0,0,1,1,2,0.676532606
10,20029,20316,0,288,287,0,0,1,1,1,0.501856112
12,15287,15471,1,185,196,0,0,1,1,2,0.594365785
18,1923,2013,0,91,109,0,0,1,1,2,0.658154457
18,1857,2022,0,166,183,0,0,1,1,2,0.644463049
13,7243,7458,0,216,216,0,0,1,1,2,0.632132465
13,4187,4562,0,376,375,0,0,1,1,1,0.610703655
22,2479,2787,1,309,278,0,0,1,1,1,0.532277844
13,2410,2722,1,313,283,0,0,1,1,1,0.535466034
5,2410,2722,1,313,283,0,0,1,1,1,0.523860779
8,132919,133311,0,393,387,0,0,1,1,1,0.612098738
10,132920,133310,0,391,380,0,0,1,1,1,0.613702573
12,4588,4771,0,184,188,0,0,1,1,2,0.662655637
7,4453,4765,0,313,312,0,0,1,1,1,0.545331659
12,15282,15461,1,180,192,0,0,1,1,2,0.597651748
12,15334,15595,1,262,273,0,0,1,1,1,0.493307865
9,6009,6281,0,273,275,0,0,1,1,1,0.466677239
7,35491,35709,0,219,218,0,0,1,1,2,0.634717285
8,28223,28391,0,169,169,0,0,1,1,2,0.674660038
8,28221,28399,0,179,178,0,0,1,1,2,0.670508688
10,92434,92585,0,152,153,0,0,1,1,2,0.679274184
10,104718,104845,0,128,123,0,0,1,1,2,0.680562798
10,107290,107449,0,160,162,0,0,0,0,2,0.608358554
37,55210,55349,0,140,166,0,0,1,1,2,0.563297459
23,54926,55299,1,374,358,0,0,1,0,1,0.58107029
8,89635,89864,0,230,217,0,0,1,1,2,0.629392991
7,86360,86530,0,171,170,0,0,1,1,2,0.672470141
7,77486,77567,0,82,81,0,0,1,1,2,0.671974266
7,57773,57887,0,115,114,0,0,1,1,2,0.678159064
8,89683,89840,0,158,144,0,0,1,1,2,0.678801651
14,77945,78072,0,128,148,0,0,1,1,2,0.672423221
9,77482,77603,0,122,122,0,0,1,1,2,0.68062351
8,86361,86527,0,167,165,0,0,1,1,2,0.675719435
11,57521,57866,0,346,341,0,0,1,1,1,0.591303175
9,3058,3187,0,130,131,0,0,1,1,2,0.680997533
8,53039,53160,0,122,162,0,0,1,0,2,0.640116158
14,18228,18621,0,394,391,0,0,1,1,1,0.615479619
33,27444,27711,0,268,279,0,0,1,1,1,0.5032638
5,15736,15813,0,78,85,0,0,1,1,2,0.668047151
10,16442,16824,0,383,382,0,0,1,1,1,0.612844562
13,30187,30473,0,287,288,0,0,0,0,1,0.522341937
7,44131,44281,0,151,150,0,0,1,1,2,0.677765351
13,31156,31244,0,89,88,0,0,0,0,2,0.62434879
14,50780,50908,1,129,131,0,0,1,1,2,0.621035809
10,19926,20188,0,263,253,0,0,1,1,2,0.568363407
17,71,173,0,103,104,0,0,1,1,2,0.662263926
14,21558,21693,0,136,151,0,0,1,1,2,0.671965044
7,436,525,0,90,89,0,0,1,1,2,0.673943735
11,840,1019,0,180,175,0,0,1,1,2,0.669685599
8,15796,15906,0,111,116,0,0,1,1,2,0.679265382
11,104463,105068,0,606,612,0,0,1,1,1,0.604267696
10,1087,1169,0,83,96,0,0,1,1,2,0.674929905
5,6512,6810,0,299,298,0,0,1,1,1,0.513695947
14,14868,14948,0,81,80,0,0,1,1,2,0.667350417
10,14671,14827,0,157,156,0,0,1,1,2,0.67843657
10,35703,35869,0,167,166,0,0,1,1,2,0.675699504
10,35132,35563,0,432,431,0,0,1,1,1,0.619976623
12,48607,48734,0,128,127,0,0,1,1,2,0.678187641
17,63268,63451,0,184,185,0,0,1,1,2,0.643927941
7,1053,1345,0,293,307,0,0,1,1,1,0.522865668
11,16002,16302,0,301,298,0,0,1,1,1,0.530070125
15,7295,7369,0,75,86,0,0,1,1,2,0.664996043
7,27198,27365,0,168,166,0,0,1,1,2,0.673704023
5,1143,1293,0,151,150,0,0,1,1,2,0.671725312
8,2012,2248,0,237,236,0,0,1,1,2,0.610513773
17,15272,15490,0,219,230,0,0,1,1,2,0.604702366
5,8777,8938,0,162,165,0,0,1,1,2,0.668496625
13,2317,2615,0,299,299,0,0,1,1,1,0.530549207
7,2697,2823,0,127,126,0,0,1,1,2,0.678993869
6,1732,2160,0,429,436,0,0,1,1,1,0.61327015
6,24236,24515,0,280,276,0,0,1,1,1,0.471542209
5,24768,25012,0,245,246,0,0,1,1,2,0.591712973
10,43545,43930,0,386,388,0,0,1,0,1,0.601331841
14,10248,10491,0,244,242,0,0,1,1,2,0.588640086
14,11454,11852,0,399,399,0,0,1,1,1,0.616943903
7,16359,16547,0,189,191,0,0,1,1,2,0.661912022
7,2757,2944,0,188,187,0,0,1,1,2,0.663612523
7,168,363,0,196,195,0,0,1,1,2,0.657778092
18,5612,5800,0,189,189,0,0,1,1,2,0.635663432
18,5630,5801,0,172,172,0,0,1,1,2,0.646022058
18,5612,5803,0,192,191,0,0,1,1,2,0.633794486
7,32519,32721,0,203,202,0,0,1,1,2,0.65175242
5,34083,34190,0,108,107,0,0,1,1,2,0.672582634
38,40234,40648,0,415,449,0,0,0,0,1,0.574310269
16,145903,146022,0,120,105,0,0,1,0,2,0.638173127
8,70177,70303,0,127,127,0,0,0,0,2,0.620350607
7,152525,152695,0,171,170,0,0,1,1,2,0.672495173
5,129980,130179,0,200,199,0,0,1,1,2,0.648289416
6,117115,117296,0,182,189,0,0,1,1,2,0.662035187
7,111462,111832,0,371,375,0,0,1,1,1,0.603359161
7,152631,152753,1,123,122,0,0,1,0,2,0.607752507
7,32184,32275,0,92,91,0,0,1,1,2,0.674424562
7,53550,53773,0,224,226,0,0,1,1,2,0.626451062
5,73699,73862,0,164,163,0,0,1,1,2,0.668539163
10,69442,69564,0,123,173,0,0,0,0,2,0.612761141
5,20780,20872,0,93,92,0,0,1,1,2,0.670351881
12,20328,20699,0,372,386,0,0,1,1,1,0.612236457
30,77857,78138,0,282,268,0,0,0,0,1,0.518632941
7,52753,52846,0,94,93,0,0,1,1,2,0.674874597
7,54857,55016,0,160,171,0,0,1,1,2,0.673987188
12,52900,53059,0,160,166,0,0,1,1,2,0.673566102
8,16868,16948,0,81,87,0,0,1,1,2,0.67358868
26,34677,34812,0,136,185,0,0,1,1,2,0.607279108
12,52882,53045,0,164,169,0,0,1,1,2,0.672404132
8,16864,17050,0,187,192,0,0,1,1,2,0.663834936
20,74668,75042,0,375,397,0,0,1,1,1,0.603038756
10,10127,10387,0,261,261,0,0,0,0,1,0.482881457
8,2406,2579,0,174,192,0,0,1,1,2,0.667302468
8,2386,2550,0,165,182,0,0,1,1,2,0.672205201
7,5326,5515,0,190,191,0,0,1,0,2,0.616978289
7,5380,5485,0,106,106,0,0,1,0,2,0.645623373
12,5116,5417,0,302,297,0,0,1,1,1,0.530927676
6,425,556,0,132,132,0,0,1,1,2,0.67677371
9,425,556,0,132,132,0,0,1,1,2,0.6810166
6,421,535,0,115,115,0,0,1,1,2,0.676076001
9,421,535,0,115,115,0,0,1,1,2,0.679898519
7,1353,1440,0,88,87,0,0,1,1,2,0.673464571
23,17810,17999,0,190,207,0,0,1,1,2,0.600644692
9,16497,16720,0,224,231,0,0,0,1,2,0.582169522
24,17805,17994,0,190,209,0,0,1,1,2,0.594453089
8,198748,198917,0,170,170,0,0,1,1,2,0.674360797
8,20643,20796,0,154,154,0,0,1,1,2,0.678705118
8,20681,20763,0,83,82,0,0,1,1,2,0.673204778
8,210269,210505,0,237,232,0,0,1,0,2,0.573565339
7,17229,17456,0,228,227,0,0,0,0,2,0.55888601
5,8806,8995,1,190,193,0,0,1,1,2,0.594275999
10,1463,1622,0,160,160,0,0,1,1,2,0.677605614
7,1463,1622,0,160,160,0,0,1,1,2,0.675781177
10,1463,1599,0,137,137,0,0,1,1,2,0.680715963
19,1275,1458,0,184,176,0,0,1,1,2,0.636222939
19,1262,1406,0,145,137,0,0,1,1,2,0.651533131
19,1221,1621,0,401,387,0,0,1,1,1,0.6078729
12,49801,49921,0,121,120,0,0,1,1,2,0.677843291
8,56364,56456,0,93,95,0,0,1,1,2,0.676042145
9,62611,62826,0,216,230,0,0,1,1,2,0.630235483
7,8208,8688,0,481,490,0,0,1,0,1,0.610143338
7,130,498,0,369,368,0,0,1,1,1,0.601067176
7,14725,14887,0,163,162,0,0,1,1,2,0.675112608
26,13334,13610,0,277,288,0,0,1,1,1,0.507723611
18,32437,32670,0,234,251,0,0,1,1,2,0.573671493
10,30403,30687,0,285,284,0,0,0,0,1,0.514843555
27,64350,64511,0,162,187,0,0,1,1,2,0.595873984
10,30019,30099,0,81,98,0,0,1,1,2,0.674832179
39,295,575,0,281,273,0,0,0,0,1,0.519912869
13,82084,82189,1,106,116,0,0,1,1,2,0.626394797
13,82076,82245,1,170,179,0,0,1,1,2,0.603837392
13,2705,2889,0,185,204,0,0,1,1,2,0.652976022
6,1093,1256,0,164,167,0,0,1,1,2,0.671445469
17,37688,37964,1,277,316,0,0,0,0,1,0.543612154
7,11332,11508,0,177,180,0,0,1,1,2,0.668831034
20,47477,47717,0,241,256,0,0,1,1,2,0.555938007
10,48876,48973,0,98,98,0,0,1,0,2,0.647033888
15,24674,25057,0,384,389,0,0,1,1,1,0.612710668
11,55179,55661,0,483,488,0,0,1,1,1,0.618686462
13,4828,5090,0,263,272,0,0,1,1,1,0.45797265
11,9258,9415,0,158,159,0,0,1,1,2,0.676818303
11,31465,31617,0,153,154,0,0,1,1,2,0.677930555
9,25640,25830,0,191,198,0,0,1,1,2,0.660556209
7,4921,5046,0,126,128,0,0,1,1,2,0.679019304
14,41314,41596,0,283,288,0,0,1,1,1,0.502156345
5,7769,8005,0,237,243,0,0,1,1,2,0.600428556
7,22,299,0,278,277,0,0,1,1,1,0.472027371
11,18123,18306,0,184,189,0,0,1,1,2,0.664511943
11,18074,18218,1,145,157,0,0,1,0,2,0.597193955
9,28350,28559,1,210,243,0,0,1,0,2,0.543801132
7,47975,48097,2,123,122,0,0,1,0,2,0.556307926
7,64755,64851,0,97,93,0,0,1,1,2,0.675150566
7,29693,29871,0,179,181,0,0,1,1,2,0.668081382
7,17881,18494,0,614,612,0,0,1,0,1,0.600526044
10,8397,8488,0,92,97,0,0,1,1,2,0.67618114
8,1553,1648,0,96,95,0,0,1,1,2,0.676318293
7,53,336,0,284,283,0,0,1,1,1,0.486171318
7,72194,72278,0,85,84,0,0,1,1,2,0.672753943
5,49065,49280,0,216,215,0,0,1,1,2,0.632798242
18,48777,48961,0,185,176,0,0,1,1,2,0.641226224
18,48772,49013,0,242,232,0,0,1,1,2,0.582428977
7,50027,50224,1,198,192,0,0,1,1,2,0.593189596
7,29171,29405,0,235,255,0,0,1,1,2,0.594936199
14,91655,91836,0,182,183,0,0,1,1,2,0.658502118
11,69017,69273,0,257,265,0,0,1,1,2,0.560044168
5,59966,60144,0,179,182,0,0,1,1,2,0.661287568
11,68879,69086,0,208,205,0,0,1,1,2,0.647907625
11,68944,69143,0,200,206,0,0,1,1,2,0.651303416
10,54633,54827,1,195,199,0,0,1,1,2,0.591228171
17,23664,23776,0,113,132,0,0,1,1,2,0.662502083
8,80243,80383,0,141,142,0,0,0,0,2,0.616207408
5,1616,1892,0,277,272,0,0,1,1,1,0.462628295
7,2774,2907,0,134,133,0,0,1,1,2,0.679098817
25,33939,34161,0,223,222,0,0,1,1,2,0.568193063
25,33910,34161,0,252,251,0,0,1,1,1,0.46486152
10,8532,9007,0,476,482,0,0,1,1,1,0.618522246
7,38787,39023,0,237,237,0,0,1,1,2,0.608922915
7,6071,6252,0,182,181,0,0,1,1,2,0.667254175
8,9287,9464,0,178,174,0,0,1,1,2,0.671670691
10,26327,26588,0,262,219,0,0,1,1,2,0.600675902
7,26327,26588,0,262,219,0,0,1,1,2,0.600994448
5,5567,5811,1,245,252,0,0,0,1,1,0.47448858
9,3321,3489,0,169,196,0,0,1,1,2,0.667318632
8,594,762,0,169,165,0,0,1,1,2,0.675290088
9,3344,3421,0,78,87,0,0,1,1,2,0.673491323
9,3341,3421,0,81,89,0,0,1,1,2,0.674160873
7,46147,46427,0,281,246,0,0,1,0,1,0.466934547
12,58358,58527,0,170,170,0,0,1,0,2,0.629062369
11,78499,79018,0,520,523,0,0,0,0,1,0.608440812
12,58412,58582,0,171,170,0,0,1,0,2,0.628793276
11,11515,11768,0,254,253,0,0,1,1,2,0.576381157
28,36549,36917,0,369,388,0,0,1,1,1,0.580424677
7,36549,36917,0,369,388,0,0,1,1,1,0.605266247
21,43473,43741,0,269,264,0,0,1,1,1,0.476067679
21,43567,43929,1,363,353,0,0,1,0,1,0.579929755
7,43012,43142,0,131,130,0,0,1,1,2,0.67912387
22,37036,37141,0,106,126,0,0,1,1,2,0.640643964
18,4369,4605,0,237,248,0,0,1,0,2,0.546183948
9,4357,4678,0,322,329,0,0,1,0,1,0.559437888
5,409,523,0,115,114,0,0,1,1,2,0.673221779
7,1091,1252,0,162,161,0,0,1,1,2,0.675379838
12,5820,6207,0,388,384,0,0,1,1,1,0.614714244
15,22203,22344,0,142,153,0,0,1,1,2,0.667918174
5,6854,6989,0,136,135,0,0,1,1,2,0.673508142
13,31596,32076,1,481,490,0,0,0,0,1,0.605759594
8,110996,111267,0,272,274,0,0,1,1,1,0.462833759
7,71799,72038,0,240,191,0,0,0,0,2,0.569879926
7,73294,73387,0,94,93,0,0,1,1,2,0.674884064
10,100671,101015,0,345,345,0,0,1,1,1,0.591835717
13,4530,4646,0,117,120,0,0,1,1,2,0.675625785
5,2292,2460,0,169,168,0,0,1,1,2,0.666742827
7,42833,43155,1,323,325,0,0,1,1,1,0.55546333
18,468,724,0,257,242,0,0,1,1,2,0.562151598
8,16746,17172,0,427,386,0,0,0,0,1,0.597018242
10,480,817,1,338,356,0,0,0,0,1,0.57397162
15,32191,32442,1,252,260,0,0,1,1,1,0.480970897
5,31622,31745,1,124,124,0,0,1,1,2,0.623770868
7,6817,6937,1,121,129,0,0,1,1,2,0.625547418
13,122081,122189,0,109,117,0,0,1,1,2,0.67515264
7,216836,216983,0,148,147,0,0,1,1,2,0.678253205
11,273987,274173,0,187,170,0,0,1,1,2,0.668717805
7,260044,260123,0,80,79,0,0,1,1,2,0.671476001
14,121995,122239,0,245,254,0,0,1,1,2,0.576582063
7,217011,217301,0,291,286,0,0,1,1,1,0.497971002
8,222107,222277,0,171,162,0,0,1,1,2,0.675390587
6,112550,112653,0,104,103,0,0,1,1,2,0.674771504
19,77152,77385,0,234,231,0,0,1,1,2,0.584431911
7,112550,112653,0,104,103,0,0,1,1,2,0.676735849
5,355468,355656,1,189,192,0,0,0,0,2,0.55923744
10,61334,61482,0,149,167,0,0,1,0,2,0.63601213
15,130175,130282,0,108,124,0,0,1,1,2,0.669801944
7,98310,98491,0,182,181,0,0,1,1,2,0.667311771
7,119547,119768,0,222,218,0,0,1,1,2,0.632903451
5,129897,130085,0,189,189,0,0,1,1,2,0.656179425
8,73572,73660,0,89,85,0,0,1,1,2,0.674367046
10,61383,61484,0,102,119,0,0,1,0,2,0.646482065
7,26232,26411,1,180,179,0,0,1,1,2,0.603885573
10,32361,32661,0,301,270,0,0,1,1,1,0.495787633
10,49775,49922,0,148,157,0,0,1,1,2,0.679127594
11,7809,7912,0,104,99,0,0,1,0,2,0.64658112
14,23859,24064,0,206,213,0,0,1,1,2,0.635917884
14,23855,24008,0,154,162,0,0,1,1,2,0.669097695
14,23858,24003,0,146,153,0,0,1,1,2,0.671165123
16,88086,88217,0,132,116,0,0,1,1,2,0.666268595
5,39786,39883,0,98,95,0,0,1,1,2,0.671052911
13,9940,10084,0,145,148,0,0,1,1,2,0.674749606
8,78651,78740,0,90,86,0,0,1,1,2,0.674617581
7,87932,88067,0,136,135,0,0,1,1,2,0.679119763
16,88053,88239,0,187,170,0,0,1,1,2,0.651949072
31,13395,13516,0,122,154,0,0,0,0,2,0.566514261
5,13334,13690,0,357,392,0,0,0,0,1,0.580337437
33,13334,13690,0,357,392,0,0,0,0,1,0.569159144
11,1366,1648,0,283,279,0,0,0,0,1,0.5116479
9,2175,2348,0,174,173,0,0,1,1,2,0.673371844
14,149,273,0,125,121,0,0,1,1,2,0.673200636
14,143,248,0,106,101,0,0,1,0,2,0.643085431
8,32113,32379,0,267,278,0,0,1,1,1,0.461649616
18,16092,16312,0,221,226,0,0,1,1,2,0.601284148
11,5495,5830,0,336,339,0,0,1,1,1,0.585733392
12,5495,5830,0,336,339,0,0,1,1,1,0.585865116
16,3945,4213,0,269,283,0,0,1,1,1,0.483413137
8,15753,15907,0,155,161,0,0,1,1,2,0.677828331
8,27972,28148,0,177,177,0,0,1,1,2,0.671259991
7,51529,51869,0,341,343,0,0,0,0,1,0.566331097
7,63959,64032,0,74,70,0,0,1,1,2,0.669283297
7,185646,185913,0,268,267,0,0,1,0,1,0.473276819
8,27955,28149,0,195,194,0,0,1,1,2,0.660178398
8,15700,15989,0,290,295,0,0,1,1,1,0.509789572
11,3437,3723,0,287,282,0,0,1,1,1,0.495848667
8,77468,77560,0,93,109,0,0,0,0,2,0.624869391
15,62171,62303,0,133,145,0,0,1,1,2,0.669243878
14,78651,78835,0,185,187,0,0,1,1,2,0.656273409
14,77220,77431,0,212,193,0,0,0,0,2,0.576382214
20,138329,138451,0,123,120,0,0,1,1,2,0.649739124
5,143403,143534,0,132,131,0,0,1,1,2,0.673747212
5,27151,27292,0,142,141,0,0,1,1,2,0.673033372
15,62170,62354,0,185,196,0,0,1,1,2,0.648908729
8,77476,77559,0,84,99,0,0,0,0,2,0.625804355
14,78460,78893,0,434,435,0,0,0,0,1,0.60733781
8,138378,138578,0,201,198,0,0,0,0,2,0.584456295
7,138378,138578,0,201,198,0,0,0,0,2,0.584342593
16,138126,138515,0,390,382,0,0,1,1,1,0.611125721
34,145212,145552,1,341,320,0,0,0,0,1,0.553021687
13,145212,145552,1,341,320,0,0,0,0,1,0.566684817
30,10757,11165,1,409,429,0,0,0,0,1,0.585129301
16,10757,11165,1,409,429,0,0,0,0,1,0.599816493
7,87656,87819,0,164,176,0,0,1,1,2,0.672356281
5,6728,7009,0,282,278,0,0,1,1,1,0.474316538
10,13122,13641,0,520,521,0,0,1,1,1,0.614652582
19,14344,14664,0,321,336,0,0,1,1,1,0.568121655
13,88703,88865,0,163,164,0,0,1,1,2,0.670770045
12,52876,53022,0,147,171,0,0,0,0,2,0.607616217
10,34661,34939,0,279,268,0,0,1,1,1,0.466937472
11,1770,1918,0,149,153,0,0,1,1,2,0.678336495
16,33557,33644,0,88,133,0,0,1,1,2,0.66461792
8,31115,31280,0,166,167,0,0,1,1,2,0.675535017
15,137669,138046,0,378,366,0,0,0,0,1,0.590605645
12,113538,113799,0,262,263,0,0,1,1,2,0.554770613
7,89856,90040,0,185,184,0,0,1,1,2,0.665567449
7,84446,84792,0,347,352,0,0,1,1,1,0.58862862
9,84446,84792,0,347,352,0,0,1,1,1,0.593802249
7,654,799,0,146,151,0,0,1,1,2,0.677991291
10,20828,21003,0,176,175,0,0,1,1,2,0.672062558
8,35643,35842,0,200,199,0,0,1,1,2,0.656019239
10,43750,43935,0,186,187,0,0,1,1,2,0.665947663
12,40745,40919,0,175,179,0,0,1,1,2,0.667881659
5,754,841,1,88,91,0,0,1,1,2,0.628209887
11,6351,6618,0,268,284,0,0,1,1,1,0.47465616
13,6459,6618,0,160,176,0,0,1,1,2,0.66871655
5,9571,9695,0,125,124,0,0,1,1,2,0.673712288
11,24425,24600,0,176,152,0,0,1,1,2,0.674106123
11,27981,28262,0,282,262,0,0,1,1,1,0.464783032
13,41751,41895,0,145,147,0,0,1,0,2,0.637642108
7,104708,104850,0,143,142,0,0,1,1,2,0.678746481
15,118297,118420,0,124,135,0,0,1,1,2,0.670036053
8,88821,88954,0,134,136,0,0,1,1,2,0.680541408
13,41748,41887,0,140,141,0,0,1,0,2,0.639243387
14,2016,2105,1,90,96,0,0,1,1,2,0.627180644
7,64,335,0,272,265,0,0,1,0,1,0.474848821
7,14832,15013,0,182,181,0,0,1,1,2,0.66726155
7,14369,14555,0,187,186,0,0,1,1,2,0.664273824
7,13928,14136,0,209,215,0,0,1,1,2,0.642089202
23,26166,26558,0,393,384,0,0,0,0,1,0.590274695
23,23654,23832,0,179,188,0,0,1,1,2,0.611882203
5,17,291,1,275,274,0,0,0,1,1,0.502553343
22,52062,52253,0,192,192,0,0,0,0,2,0.565393708
14,22804,22916,0,113,113,0,0,1,1,2,0.672665114
6,59172,59335,0,164,163,0,0,1,1,2,0.672132072
17,56011,56203,0,193,190,0,0,1,1,2,0.638951469
22,52065,52237,0,173,172,0,0,0,0,2,0.578147595
13,1434,1759,0,326,325,0,0,1,1,1,0.572312725
7,29667,29948,0,282,270,0,0,1,1,1,0.468417992
14,29472,29838,1,367,358,0,0,1,1,1,0.588523067
7,16569,16682,0,114,113,0,0,1,1,2,0.678026154
10,18813,19057,0,245,231,0,0,1,1,2,0.606982891
44,19990,20089,0,100,150,0,0,1,1,2,0.551788488
8,2393,2773,0,381,391,0,0,1,1,1,0.610800619
5,2365,2489,0,125,124,0,0,1,1,2,0.673707575
16,23196,23380,0,185,186,0,0,1,1,2,0.648064943
6,4861,4966,0,106,102,0,0,1,1,2,0.674755623
14,1376,1542,0,167,141,0,0,1,0,2,0.632468747
6,4893,4971,0,79,74,0,0,1,1,2,0.6689476
16,23255,23389,0,135,137,0,0,1,1,2,0.665862994
10,72386,72657,0,272,277,0,0,1,1,1,0.46948438
15,13914,14319,0,406,441,0,0,1,1,1,0.618610208
30,16944,17592,0,649,684,0,0,0,0,1,0.589146892
24,111498,111780,0,283,283,0,0,1,1,1,0.507128605
8,111498,111780,0,283,283,0,0,1,1,1,0.486981002
9,620,1076,0,457,456,0,0,1,1,1,0.618766506
8,127739,127939,0,201,201,0,0,1,1,2,0.654730321
9,94464,94577,0,114,121,0,0,1,1,2,0.680189109
7,54627,54712,0,86,79,0,0,1,1,2,0.672141192
6,157603,157787,0,185,184,0,0,1,1,2,0.662751811
5,110478,110677,0,200,199,0,0,1,1,2,0.648282006
7,108331,108446,0,116,117,0,0,1,0,2,0.644901437
7,103305,103434,0,130,121,0,0,1,1,2,0.678841619
7,93641,93871,0,231,242,0,0,1,1,2,0.609534058
30,135556,135675,0,120,167,0,0,1,1,2,0.594668402
8,127740,127939,0,200,199,0,0,1,1,2,0.656069211
9,94427,94582,0,156,162,0,0,1,1,2,0.678210707
7,54669,54805,0,137,135,0,0,1,1,2,0.679077001
12,59354,59564,1,211,190,0,0,1,1,2,0.586114717
7,7849,8035,0,187,186,0,0,1,1,2,0.664268482
9,15978,16197,0,220,195,0,0,1,1,2,0.647631388
19,17759,17879,0,121,119,0,0,1,0,2,0.628637299
5,5403,5568,0,166,165,0,0,1,1,2,0.667832359
19,17754,17931,0,178,175,0,0,1,1,2,0.638363621
39,41364,41795,1,432,391,0,0,0,0,1,0.569025633
9,15080,15266,0,187,186,0,0,1,1,2,0.666391728
21,14787,15055,0,269,270,0,0,1,1,1,0.48122517
9,14623,14957,0,335,332,0,0,1,1,1,0.579024075
10,35320,35663,0,344,344,0,0,1,1,1,0.590949996
7,47390,47726,0,337,336,0,0,1,1,1,0.576759086
6,50551,50815,0,265,265,0,0,1,1,2,0.556058258
6,50644,50800,1,157,160,0,0,1,0,2,0.594057124
8,43337,43527,0,191,188,0,0,1,1,2,0.66387986
8,43274,43532,0,259,255,0,0,1,1,2,0.572469315
10,43216,43557,0,342,334,0,0,1,1,1,0.585349638
10,18709,18904,0,196,195,0,0,1,1,2,0.659353276
13,21510,21870,0,361,352,0,0,1,1,1,0.600591955
13,18697,19031,0,335,335,0,0,1,1,1,0.582994275
5,21510,21870,0,361,352,0,0,1,1,1,0.586213535
10,18697,19031,0,335,335,0,0,1,1,1,0.582357016
10,830,1085,0,256,255,0,0,1,1,2,0.573794238
13,18477,18580,0,104,114,0,0,1,1,2,0.674595373
15,491,600,0,110,116,0,0,1,1,2,0.669734028
5,23690,23883,0,194,193,0,0,1,1,2,0.652953446
14,20232,20413,0,182,193,0,0,1,1,2,0.655055699
12,20232,20413,0,182,193,0,0,1,1,2,0.661491504
7,4967,5247,0,281,295,0,0,0,0,1,0.514434928
10,64575,64843,0,269,268,0,0,1,1,1,0.454898294
8,64342,64466,0,125,124,0,0,1,1,2,0.680276582
5,61117,61414,0,298,297,0,0,1,1,1,0.511750775
5,10111,10385,0,275,274,0,0,1,1,1,0.462645067
22,10803,11211,0,409,443,0,0,0,0,1,0.600501902
33,10803,11211,0,409,443,0,0,0,0,1,0.58241169
5,146027,146116,0,90,93,0,0,1,1,2,0.670220689
19,116210,116481,0,272,287,0,0,1,1,1,0.495839998
7,107324,107598,0,275,275,0,0,1,0,1,0.485385373
11,97120,97533,0,414,395,0,0,1,1,1,0.618217655
7,87977,88062,0,86,97,0,0,1,1,2,0.67431781
12,78526,78828,0,303,317,0,0,0,0,1,0.546393302
7,68438,68668,0,231,242,0,0,1,1,2,0.609523637
25,36776,36930,0,155,167,0,0,1,1,2,0.613326367
16,37016,37167,0,152,151,0,0,1,1,2,0.663101505
20,46736,47381,0,646,649,0,0,1,1,1,0.59855549
10,56370,56499,0,130,129,0,0,0,0,2,0.61978833
5,81341,81454,1,114,112,0,0,0,1,2,0.607545359
7,14770,15115,1,346,345,0,0,1,1,1,0.572084426
11,38779,38944,0,166,174,0,0,1,1,2,0.67306655
14,98155,98327,0,173,176,0,0,1,1,2,0.662871828
7,96818,96909,0,92,91,0,0,1,1,2,0.674455231
45,78068,78313,0,246,237,0,0,0,0,1,0.504016317
10,786,956,0,171,160,0,0,1,1,2,0.675712811
6,66511,66648,0,138,133,0,0,1,1,2,0.676668708
7,15639,15735,0,97,99,0,0,1,1,2,0.675755843
7,19194,19279,0,86,73,0,0,1,1,2,0.67115785
7,144184,144807,0,624,623,0,0,1,1,1,0.60027473
7,143944,144626,0,683,682,0,0,1,1,1,0.593255153
18,135544,135631,0,88,99,0,0,1,1,2,0.657797774
15,115520,115982,0,463,491,0,0,1,1,1,0.619020727
7,91240,91353,0,114,124,0,0,1,1,2,0.67847871
11,47281,47474,0,194,183,0,0,1,1,2,0.662952462
5,47502,47792,1,291,288,0,0,0,0,1,0.526810217
10,1997,2365,0,369,368,0,0,0,0,1,0.586538689
6,37801,37965,0,165,164,0,0,1,1,2,0.671803808